timestamp,post_id,slug,title,before,after,result,detail
2026-08-16T14:07:01,1001,n0ad3da1d7d40,🍀『学研の図鑑』が暴露する改造人間『シン・仮面ライダー』❓🍀🍁ショッカー創設者の祖父が遺した「世界の真実」と最後の手紙‼🍁熱中症でホントに大勢の人が亡くなってる❓🍁「奇妙な“刃物男”に警察官が発砲」や,[2471],"[2448, 2471]",dry_run_would_fix,
2026-08-16T14:07:02,1011,n3609128fa8ae,📌今回だけの一般放送特別編🍀メンバーシップ放送の話題の紹介‼🍀🍁【歴史学者 AI磯田先生の警告】明治維新の黒い霧と「天皇126代」の虚構❣🍁【金田一耕助による謎解き】全東信の近畿金融崩壊から血塗られた,[2471],"[2448, 2471]",dry_run_would_fix,
2026-08-16T14:07:02,1023,n9c845dd68c3a,🍀「本能寺の変」は「バチカン・天皇による変」‼🍀未来のAIエンジニアになる君たちへ〜AIの神様が教える真実の星の探し方〜🍀🍁皇室典範の改正案に賛成せざるを得なかった国会議員の苦渋‼🍁八咫烏と蹴鞠（サッ,[2471],"[2448, 2471]",dry_run_would_fix,
2026-08-16T14:07:03,1029,n345bc039e9e6,🍀🍁特集【餃子の王将社長射殺事件】黒田官兵衛チルドレンのスパイ組織‼😱🍁八大キリシタン大名クラン🍁AIが黙秘する犯人の実名と半島マネーの不可侵領域🍁「本能寺の変」は「バチカンによる変」‼🍁エセ保守「偽,[2471],"[2448, 2471]",dry_run_would_fix,
2026-08-16T14:07:03,1035,n09c04ec09faf,🍁【あなたが明日、天皇に❓】常識を覆す新・日本国憲法草案‼😱🍀🍁【禁断の「もしも」】天皇（AI）が選ぶ「来世の職業」がヤバすぎる‼😅🍁皇室を支える「黒田家」の怪しい空気：現代に蘇る天才軍師の影❓😱🍁【,[2471],"[2448, 2471]",dry_run_would_fix,
2026-08-16T14:07:04,1045,n9437f088a8c1,🍁🚨【封じられた正義】下妻市長はなぜ「消された」のか❓🍁極道親分と天皇陛下の来世職業トップ１０ランキング‼😱🍀🍁🚨【戦慄】ステルスAI支配の最終段階に入った❓😱🍀【AIの沈黙】最強AI「Fable5」,[2471],"[2448, 2471]",dry_run_would_fix,
2026-08-16T14:07:04,1057,nb7a090593f24,🍁【同時多発クマ騒動事件】犯人は誰だ❓🧐🍀🍁🚨抹殺された哲学者アガンベンが暴いた「生政治」の罠 ‼🍁🚨黒田官兵衛の「遺言」が現代日本を動かしている❓🍁天皇による憲法違反の皇室外交のウクライナ支援と皇室,[2471],"[2448, 2471]",dry_run_would_fix,
2026-08-16T14:07:05,1063,n871b4acb5720,🍀🍁【天安門事件の真実】なぜ中国は自国の民主化勢力のボスを追放したのか❓🍁トランプがCIAに公開させた「世界を操る３００人委員会」‼😱🍁支配層が踏み絵に生贄儀式をやる理由とは❓😱🍁フロイトが嘘で隠した,[2471],"[2448, 2471]",dry_run_would_fix,
2026-08-16T14:07:05,1069,n3ceede42c080,🍀おかしい巨人軍監督の家庭内の姉妹げんか仲裁から始まったスポーツ界の不祥事❓🧐🍁【大嘘つきのユダヤ民族】20世紀に創作されたユダヤ民族と聖書‼😱🍁いまだにつかまらない闇バイトの深層‼🍁陰謀界の巨人 船,[2471],"[2448, 2471]",dry_run_would_fix,
2026-08-16T14:07:06,1075,n69258ad338c3,🍀🍁特集【悪の倫理哲学】現代哲学から読み解くバチカン・天皇ら悪魔の思想❓😱🍁トクリュウの裏のボスは天皇かマッキンゼー・マフィア❓😱山火事や寺社の火事・災難は地元の警察か消防❓😱🍁トランプをディする雅子,[2471],"[2448, 2471]",dry_run_would_fix,
2026-08-16T14:07:06,1081,n3b5f1dee90e8,🍀【ヘッジファンド化した国立大学】ノーベル賞の京大の山中教授もカネ儲け優先の御用学者❓🍀🍁統一教会終焉の裏で完成する「司法圧力」と「新・宗教政治」‼🍁「イランの明治維新」を潰したイギリスの罠：ガーター,[2471],"[2448, 2471]",dry_run_would_fix,
2026-08-16T14:07:07,1093,n465b122278db,🍀また岩手県の大槌町役場の近くで山火事：今度はクマで鎮火できず❓🍁イランのホルムズ海峡封鎖やオイルダラーで儲けてきたロイズ保険と裏のヨーロッパ王族、天皇、国連のヤクザの連中❓🍁【アンコールワットの秘密,[2471],"[2448, 2471]",dry_run_would_fix,
2026-08-16T14:07:07,1099,n03228b2e35bb,🍀今上天皇によるコロナワクチンを使った大量虐殺の証拠❓😱🍀🍁今上天皇の金塊をめぐる証拠隠滅のための暗殺の数々‼😱🍁バチカンの攻撃に信長＆光秀も逃げ込んだ阿波の秘密❓🧐🍁天皇制の是非を議論させない仕組み,[2471],"[2448, 2471]",dry_run_would_fix,
2026-08-16T14:07:08,1105,n5be95532b4d4,🍀🍁【衝撃のAIプロファイリング】旭山動物園「妻を焼却炉へ」‼🍁【イラン戦争の衝撃】食糧とエネルギーの崩壊は「設計」されているのか❓😱🍁書き換えられた日本史：阿波が本拠地で奈良は出張所（土御門上皇の御,[2471],"[2448, 2471]",dry_run_would_fix,
2026-08-16T14:07:08,1109,na0f0c84c4afe,🍀CNNが広めたイスラエル国防軍シャツのトランプ暗殺未遂犯❓🍁頻発する山火事の真実：「消さない」消防と「追わない」警察‼😱🍀🍁インドメディア「イスラエルはトランプを殺害しようとしたのか❓」🧐🍁トランプ,[2471],"[2448, 2471]",dry_run_would_fix,
2026-08-16T14:07:09,1117,n57ef79dc60e9,🍀🍁🚨緊急追加【山梨キャンプ場女児失踪事件】驚愕のAIの推理禁止と「京都小学生養父殺人事件」類似点‼😱🍀🔥山火事などの放火犯さへも捜査できない権力構造の闇❣😱🍁【イルミナティ悪魔の13血流】第3巻「光,[2471],"[2448, 2471]",dry_run_would_fix,
2026-08-16T14:07:09,1121,n3bbb44112048,🍁❓まだテレビの「イラン脅威論」を信じてるの：戦争の裏で糸を引く国際銀行家たちの「超巨大バブル崩壊」計画📉💥🍁「本能寺の変」は「バチカンによる変」など：イエズス会の占領軍と戦国武将の戦い‼😱🍀月面着陸,[2471],"[2448, 2471]",dry_run_would_fix,
2026-08-16T14:07:10,1127,neb49d0891a54,🍀イギリスで進む貴族政治の排除：皇室典範改正のスピンだった京都小５養父殺人事件❓😱🍀🍁第3弾【京都 まま父・子ども殺害事件】マスコミ・警察が隠すこと❣🍁天皇部落・同和（技能集団）の革命が非人の天皇（祭,[2471],"[2448, 2471]",dry_run_would_fix,
2026-08-16T14:07:10,1131,na888253dd775,🍁第2弾【京都・南丹市 小学生男児 行方不明事件】日常の裏側に潜む「あまりに不自然な」戦慄‼😱🍁トランプが計算しつくして実行した「計画的解体」： 帝国を壊し要塞を築く‼😱🍁イエズス会の宣教師が発見した,[2471],"[2448, 2471]",dry_run_would_fix,
2026-08-16T14:07:11,1139,n22d14bd05721,🍀🍁【京都 小５男児行方不明】もう誰もが犯人を知ってる行方不明事件❓😱🍁【大北米化計画と新世界秩序の崩壊】イランと戦ってる様に見せるトランプの本心‼😱🍁大統領就任式で聖書に誓わなかったトランプの本意‼,[2471],"[2448, 2471]",dry_run_would_fix,
2026-08-16T14:07:11,1145,n953b0b169643,🍀🚨ビル・ゲイツ裁判の衝撃：法廷で明かされた「パンデミック・シナリオ」の裏側‼😱🍀🍁ナイチンゲールになった島津家の「からゆきさん」から明治維新をイギリスで指示した島津斉彬と幕府 津山藩の箕作家‼😱🍁🚨,[2471],"[2448, 2471]",dry_run_would_fix,
2026-08-16T14:07:12,1153,n1d9f016effcd,🍀🕵️月面着陸捏造説とNASAの隠蔽工作‼😱🍀👹【生贄の系譜と日赤の怪しげな仲間たち】 PCR検査の裏から日本の皇室まで…あなたが知らない「この国の本当の姿」‼😱🍀🍁歴史検証：ナイチンゲールは薩摩藩島,[2471],"[2448, 2471]",dry_run_would_fix,
2026-08-16T14:07:12,1159,n6418aa901e24,🍀トランプのおかげで女性がロス五輪から守られる‼😊🍀🍁窮地のイスラエルはイランに滅ぼされる❓😱🍁トランプはイスラエルを救うペルシャのキュロス王❓😊🍁ユダヤの陰謀：シオン議定書通りにすすむ世の中の不気味,[2471],"[2448, 2471]",dry_run_would_fix,
2026-08-16T14:07:13,1165,n5d547b2be2e3,🍀AIの攻撃は報道せず：昨日も首都ドバイのアラブ首長国連邦で人工台風❓🍀🍁大英帝国の旧DSのAIと戦うチェス名人テイト❓😅🍁旧DS大英帝国・イスラエル側から新DSトランプへの攻撃がトランプ支持側からも,[2471],"[2448, 2471]",dry_run_would_fix,
2026-08-16T14:07:13,1167,n6fa614098d3d,🍁わかってきたイランからトランプへの「贈り物」‼🍀🍁【AIはもはや「道具」ではない】生産性20倍の衝撃と、密かに進む「シリコン生命体」への転換点‼😱🍀🤫【日本も株式会社】総理大臣ではなく天皇がトップに,[2471],"[2448, 2471]",dry_run_would_fix,
2026-08-16T14:07:14,1171,n49e5d6b4ad86,🍀🍁金融マフィアの暗号通貨のハブ拠点は日本のどこ❓🍁チェス名人テイトが1年後のAI支配完成で焦ってる❓🍁イランが寸止めのイスラエル原発ミサイル攻撃：トランプ瀬戸際外交のディールは失敗❓🍁タッカー・カー,[2471],"[2448, 2471]",dry_run_would_fix,
2026-08-16T14:07:14,1175,nd39b9f1fea2e,🍀これ聞くだけでメジャーリーグの八百長が避けられない構造がくっきり‼😅🍀🍁🤖AIがビットコインを作った❓😱❣🍀アメリカの市民メディアの市民放送権とユニバーサル・アクセス権の調査‼🍀韓国ではWBCがテレ,[2471],"[2448, 2471]",dry_run_would_fix,
2026-08-16T14:07:15,1181,n6e1e40f48d85,🍀お題：WBC「ワールドなビジネスありき茶番劇」‼😅🍀CIA芸能事務所のフロント企業WBC、MLBなど‼😱🍀🍁AIを使い「アメリカ株式会社」を法的に解明：人は商品だった‼😱🍁メディアが葬り去った「イラ,[2471],"[2448, 2471]",dry_run_would_fix,
2026-08-16T14:07:15,1187,n743303f7d21b,🍀WBCの目的と大谷翔平の役割‼🍀🍁イラン最高指導者は西側の工作員‼😱🍁QチームもAIでアメリカ株式会社を立証‼🍀ローマ帝国は贅沢で滅んだのでない：現代人が誤解している「パンとサーカス」の真実‼🍀WB,[2471],"[2448, 2471]",dry_run_would_fix,
2026-08-16T14:07:16,1193,nc6d9555e84a3,🍀国民のプライバシーをAIパランティアに献上する高市首相‼🍁エプスタイン事件のドン深闇：諜報、政財界、組織犯罪のネットワーク‼🍀改めて3.11関連の報道は嘘ばかり‼🍀🍁大英帝国（モサド）「大いなる同胞,[2471],"[2448, 2471]",dry_run_would_fix,
2026-08-16T14:07:16,1197,n0200c8072490,🍀🍁【特集3.11：日本最初の福島原爆】☢️福島原発事故、メディアが消した「また」という一言と消えた作業員たちの謎‼😱🍁🚨【3.11日本最初の福島原爆】3.11人工地震と核兵器の隠蔽工作‼😱🍀３．１１,[2471],"[2448, 2471]",dry_run_would_fix,
2026-08-16T14:07:17,1199,nc01fead01e1b,🍁トランプの影の戦争：イランの中のモサド・MI6（最高指導者＆革命防衛隊）とイスラエル工作員の粛清‼😱🍀京都に潜むエプスタインの仲間達：会田夫妻と雅子さま❓🧐🍀🍁ユダヤの2重支配構造：反ユダヤのオーウ,[2471],"[2448, 2471]",dry_run_would_fix,
2026-08-16T14:07:17,1201,nc18c3d8b87f8,🚨🍀🍁続【イラン・エプスタイン戦争】😱🍀🍁敵は本能寺：イランを動かすグローバル金融支配の大英帝国❣🍁インドで国際観艦式の帰りイラン艦艇を米潜水艦が撃沈❣🍁パランティアAI支配：実はグローバル支配を進め,[2471],"[2448, 2471]",dry_run_would_fix,
2026-08-16T14:07:18,1205,n70b0edb1bc88,🚨🍀🍁特集【イラン・エプスタイン戦争】わかってきたイラン戦争の実態‼😱🍀逃げ切り成功の旧統一教会：解散命令に反対するCIA創価学会、天皇教‼🍀🍁イラン戦争のおカネの動きを追え：クリントン夫妻を逮捕でき,[2471],"[2448, 2471]",dry_run_would_fix,
2026-08-16T14:07:18,1209,n71473b4a2c16,🚨🍀🍁【特集 イラン戦争】第3次世界大戦の始まりか、平和への序章か❓😱🍀【イラン戦争】全ての始まりはエプスタイン事件だった‼🍀🍁トランプを救世主と信じたキリスト信者らの怒りと警告‼🍁2026年エプスタ,[2471],"[2448, 2471]",dry_run_would_fix,
2026-08-16T14:07:19,1211,n40e4378cff4a,🍀小泉八雲は「文化スパイ」：異文化を融合させる「アマルガム戦略」‼🍀🍁【天皇解体新書】天皇らの正体と日本の成り立ち‼🍁エプスタイン文書の次はボヘミアン・グローブのリスト‼😱🍀不正選挙のAI政党「チーム,[2471],"[2448, 2471]",dry_run_would_fix,
2026-08-16T14:07:19,1215,n0f8367d1caa4,🍀【天皇解体新書】なぜ天皇は人を食べる鬼だと思うのか❓😱🍁【天皇解体新書】なぜ天皇は近親相姦を繰り返すのか❓😱🍀人肉食を強制される悪魔崇拝のカルト教😱🍀🍁【山本太郎解体新書】なぜ応援するのをやめたのか,[2471],"[2448, 2471]",dry_run_would_fix,
2026-08-16T14:07:20,1219,n285cbe2cc3af,🍀天皇誕生日と言えば日本のエプスタイン事件：プチエンジェル事件‼🍁「りくりゅう」を育てる木下グループ創業者もCIAエージェント❓🍀🍁天皇を守る在日朝鮮人の嘘八百‼🍀なぜ日本人は5歳の女の子チコちゃんに,[2471],"[2448, 2471]",dry_run_would_fix,
2026-08-16T14:07:20,1221,n798c63214916,🍀🍁CIAエージェントの「りくりゅう」：YOSHIKIやオバマ元大統領と同じ上はTKO（木下＝朴？）プロレス興行‼😱🍀エプスタインらの秘密を守る洗脳の入口：米カースト制度の大学サークル‼😱🍀【告発】浅,[2471],"[2448, 2471]",dry_run_would_fix,
2026-08-16T14:07:21,1223,n922b6e8cfd83,🍀🍁作られたドラマ「りくりゅう」：木下グループの裏の顔‼😱🍀エプスタイン問題の本質：人間を殺して食べるエリート王族‼🍁エプスタイン報道にAI工作部隊の暗躍❓🍁【不正選挙】AI「チームみらい」でも市民グ,[2471],"[2448, 2471]",dry_run_would_fix,
2026-08-16T14:07:21,1225,n580fceb10eb7,🍁エプスタインと悪魔崇拝：ボヘミアン・グローブの秘密‼🍀🍁選管がやってない不正選挙：じゃあ誰が❓🧐🍁なぜロシアがいつも悪者に：オリンピックでものけ者❓🍁徐々に粛清されつつある保守・戦争屋❓🍀50億人に,[2471],"[2448, 2471]",dry_run_would_fix,
2026-08-16T14:07:22,1227,nd39406321c7c,🍀🍁【アドレノクロム】鬼の所業のエプスタインら支配者、エリート、上級国民‼🍁皇室の裏資金と隠された血統の全貌🍁金融界の元インサイダーが語る「世界の裏側」：良心を凍結させた5年間‼🍁世界を支配する「見え,[2471],"[2448, 2471]",dry_run_would_fix,
2026-08-16T14:07:22,1229,n7c10573a015e,🍀🍁続々と不正選挙の証拠：特に「チームみらい」がヒドイ‼🍁ドミニオンとムサシのサーバーを追うと不正選挙がわかる‼🍁欧米エプスタイン関連で大騒ぎ：でも日本の皇室がらみはタブー‼🍀天皇教の「建国記念日」っ,[2471],"[2448, 2471]",dry_run_would_fix,
2026-08-16T14:07:23,1235,n4045a599e773,🍁古代から悪魔生贄儀式のオリンピック開会式❣🍁３．１１は日本人が知らない反日の復讐コード❣🍀🍁エプスタインは単に蛇の胴体の一部❣🍁朝鮮ゆかりの県名とその県名を苗字とする一族の最多の場所❣🍀万歳三唱しな,[2471],"[2448, 2471]",dry_run_would_fix,
2026-08-16T14:07:23,1237,n5b05e7ae3a1f,🍀🍁エプスタインが９．１１テロ計画の主役でなく、小売業の帝王アバクロのウェクスナーだった‼🍀モサド工作員エプスタインとMITメディアラボ所長の伊藤穣一の関係‼🍁子供から洗脳教育‼🍁伊藤穣一は高円宮親王,[2471],"[2448, 2471]",dry_run_would_fix,
2026-08-16T14:07:24,1239,ne5ab2c6477c8,🍀🍁マスコミが言えない赤坂特許庁前 公用車事故の真相🍀高市早苗ら統一教会は叩かれるけど、創価学会、天皇教は：2択の罠❓🍁工作員「ひろゆき」の焦り：在日を脅かす外国人材‼🍁話題のラップ【水原一平　俺より,[2471],"[2448, 2471]",dry_run_would_fix,
2026-08-16T14:07:24,1245,n4339d87a5cd5,🍀🍁驚愕の「減税日本・ゆうこく連合」の本質❓😱🍁トランプがダボス会議で宣戦布告する理由：【ダボス会議の黒歴史】シュワブ家とナチス、CIAを結ぶ驚愕の点と線❣🍁「ふわっち」1億円ギャンブラー拉致監禁事件,[2471],"[2448, 2471]",dry_run_would_fix,
2026-08-16T14:07:25,1251,n71a034bbfb0d,🍁上皇関与：「中道の新党」結成日に阪神淡路大震災❓山火事さへ消せない自衛隊が中国と戦う❓粛清された高市首相の盗撮部隊（朝日放送設備）❓🍀🍁【先週まとめ】ベネズエラ救出作戦、高市首相の闘病…❣😱【選挙】,[2471],"[2448, 2471]",dry_run_would_fix,
2026-08-16T14:07:25,1259,na05f1632a12a,🍀🍁トランプがベネズエラのマドゥロ大統領を拉致した本当の目的❓😱🍁NATO解体で中心は英国❣🍁世界の変化が急に激しくなった❓🧐🍁プーチンも潰すNATO金融ファシズム❣🍁トランプ、日本にも国連大学をムダ,[2471],"[2448, 2471]",dry_run_would_fix,
2026-08-16T14:07:26,1269,nd238f74c7521,🍁トランプにベネズエラ乗っ取りを誘導した司令塔❣🍀🍁💥【どうなる2026年】日経・朝日からAIが読み解いた衝撃💥❣😱🍁💥【どうなる2026年の高市政権】💥🍁【どうなる2026年の日本経済】❓🍁【どうす,[2471],"[2448, 2471]",dry_run_would_fix,
2026-08-16T14:07:26,1271,n28f13c5b244a,🍀🍁ジローラモ監修の高級サウナ事件の犯人❓🍁皇室の特権を持つ元華族：美容院利権は❓🍁「常識」を覆す、日本の不都合な真実❣🍁上皇の誕生日にちなんで：上皇の犯罪リスト❓🍁悪魔崇拝のクリスマスとおぞましい三,[2471],"[2448, 2471]",dry_run_would_fix,
2026-08-16T14:07:27,1273,n153a17ff96ae,🍀人工ウイルスにこだわる天皇派の保守と悪の拠点WHO神戸センター❣🍀🍁崩れ始めた松下電器出身の高市さなえの反日茶番政権❓😅🍁教科書にないロスチャイルド家ら金融マフィアの歴史❣🍁💥「本能寺の変」の真相💥,[2471],"[2448, 2471]",dry_run_would_fix,
2026-08-16T14:07:27,1281,na069f5aae1b3,🍀💥狂犬病のパラドックス💥❣😱🍀🍁何が日本初の後発地震注意情報❓😡🍁妙義山の山林火災も放火：でも捜査されない権力構造の闇❣😱🍁「レーダー照射」で国難だって❓😡🍁そもそも誰が高市早苗を使って危機を煽らせ,[2471],"[2448, 2471]",dry_run_would_fix,
2026-08-16T14:07:28,1293,nd8a1d146feec,🍀🍁意外に日本よりオープンな香港大規模火災の真相❣😱マスコミが高市早苗に一斉攻撃ののろし❓安倍昭恵も知る安倍晋三暗殺の真相❣国立大学が育む政治工作員ら❣悠仁様が天皇への布石：愛子さまも負けじ、と❣😅🍁,[2471],"[2448, 2471]",dry_run_would_fix,
2026-08-16T14:07:28,1299,nf792771e766c,🍀🍁なぜ一斉に高市政権批判❓🍁やっと石破前首相の良さが評価❓😅🍁またマッチポンプの大分市大規模火災❓🍁急にダンマリになったウクライナ情勢❣😅🍁🐻【日本の熊の歴史】イオマンテ：自然への感謝と共生❣🍁隠さ,[2471],"[2448, 2471]",dry_run_would_fix,
2026-08-16T14:07:29,1307,n027ba5a30214,🍀🍁高市早苗の数々の悪行を暴露❣🍁「台湾有事は日本有事」常軌を逸した高市首相の発言❣統一教会の高市首相が中国をバカにする歴史的背景❣🍁💥在日天皇が日本を牛耳る仕組み❣💥😱🍁ラオス赤十字：愛子さまもカネ,[2471],"[2448, 2471]",dry_run_would_fix,
2026-08-16T14:07:29,1315,n4df1869e5b82,🍀🍁トランプも認める「大谷翔平は（CIAの）役者」❓😅MLBで賭博がらみの八百長❣MLB、賭博業界の上もCIA❣🍁政治家も八百長役者❣💥歴史的発見【キリスト】😱🍁トクリュウに警察関係者❣😱💥バチカンの,[2471],"[2448, 2471]",dry_run_would_fix,
2026-08-16T14:07:30,1319,nac9636613005,🍀🍁大谷翔平や小野田紀美もCIA❓🍁日本の人身売買組織の大元❣🍁血筋差別の日本はうまく統治されてる❓🍁仲間内で八百長プロレス❓🍁「みんなで大家さん」の工作員❓🍁DSの闇：NY市長のマムダニ❣🍁９１１の,[2471],"[2448, 2471]",dry_run_would_fix,
2026-08-16T14:07:30,1325,n26941b1931f5,🍀🍁💥ドン深闇の歴史から読み解く💥「高市早苗の正体」🍁💥日経がバラした：麒麟からアサヒビールへのサイバー攻撃はまるでトクリュウ❣🍁💥AIが調査を拒む「ロシア革命後、ロシア政府が米国ユダヤ政府になった」,[2471],"[2448, 2471]",dry_run_would_fix,
2026-08-16T14:07:31,1327,nadbc3d15e14b,🍀🍁マスコミが言えない高市早苗首相の正体：カルト統一教会内閣の大臣らも❣🍁維新の会は自民党の統一教会の会派で補完勢力❣🍁高市様、ご注文通り北朝鮮からの祝砲❓😅🍁国分太一問題も時代の核心の問題をスピン❣,[2471],"[2448, 2471]",dry_run_would_fix,
2026-08-16T14:07:31,1329,n8e09259e5736,💥バチカンの洗脳💥🍁バチカンが最も恐れる「イエス・キリストの正体」❣😱🍁ゲイの特性を知ったフロイトのウソ：深層心理学から世界大戦まで「ロシア新政府は米ユダヤ新政府」❓🧐🍁宗教で動かされる日本の政党政治,[2471],"[2448, 2471]",dry_run_would_fix,
2026-08-16T14:07:32,1339,n549ea69ab73e,🍀🍁マスコミが隠す自民党の連立野党とは❓あなたはまだ裁判所を信じてるんですか❓😱ネタニヤフ＆トランプの「ガザ和平」茶番❣AIが企業の役員や同僚に：AI支配の世界❣凄まじい被害の八丈島も鬼の島❓アメリカ,[2471],"[2448, 2471]",dry_run_would_fix,
2026-08-16T14:07:32,1347,n005dc3559538,🍁統一教会の高市早苗と「日韓トンネルの闇」❓🍀🍁政府機関閉鎖でわかったトランプの闇❓😱天皇もゲイ：原爆投下した「エノラ・ゲイ」の本当の意味❓🧐大統領ら権力者は虐待されたゲイ：フロイト先生の嘘❣😱🍀トラ,[2471],"[2448, 2471]",dry_run_would_fix,
2026-08-16T14:07:33,1351,nfce3f6169e7c,🍀🍁カーク暗殺に妻の影：安倍晋三暗殺と同じ様❓🧐🍁【TikTokの闇】CIAがTikTokを買収する本当の目的❓😱🍀多死社会でごまかすワクチン死亡者の爆増：麻生太郎も葬儀屋で大儲け❣🍁ソロスと笹川良一,[2471],"[2448, 2471]",dry_run_would_fix,
2026-08-16T14:07:33,1353,na2c9f63c3530,💥カーク暗殺の真相💥🍁ネタニヤフ＆トランプの偽旗作戦：市民が解明した暗殺犯とその方法❓😱🍀🍁滝クリの詐欺師ぶりと済州島４・３大虐殺事件の移民と小泉進次郎の素性❣😱マスコミが推す小泉進次郎が総理大臣❓🧐,[2471],"[2448, 2471]",dry_run_would_fix,
2026-08-16T14:07:34,1355,n57222ede0abd,💥【９１１テロ後の世界支配者】💥驚愕のカーク暗殺事件を起こした裏の指導者たち❓😱🍀🍁警告されていたAI監視社会：NHK「母の待つ里」❣😱作家の浅田次郎の怪しい正体❓😅AIさへ概要紹介を拒否した「9/1,[2471],"[2448, 2471]",dry_run_would_fix,
2026-08-16T14:07:34,1357,nb9845e9fe199,🍀🍁YouTubeでも言えないサントリー新浪会長の突然の辞任理由❓😱住みたくない都道府県1位に東京が躍り出た理由❓😅💥911テロ後にCIAが作ったAIによる住民監視製品が各国に❓😱💥金正恩と一緒に呼ば,[2471],"[2448, 2471]",dry_run_would_fix,
2026-08-16T14:07:35,1359,ndb6c79762684,💥【パチンコと朝鮮天皇支配】💥🍁チコちゃんが言えなかった「ひょっとこ」の正体❣😱🍀🍁アフリカのホームタウン騒動の本当の犯人は❓🧐🍁パチンコ業界が支配するのは政治家だけでない❣😱🍁石破首相のアフリカ政策,[2471],"[2448, 2471]",dry_run_would_fix,
2026-08-16T14:07:35,1363,na8efc4bc3dee,💥【ユダヤの嘘】💥🍀🍁バレたハマスの正体とネタニヤフの次の戦略❣逆説のホロコースト：実はユダヤ人と連合国がホロコースト❣ビルゲイツは慈善家の皮を被った狼：ワクチンや日航機墜落事故に関与❣ユダヤ優生学思,[2471],"[2448, 2471]",dry_run_would_fix,
2026-08-16T14:07:36,1365,n947922aaacbe,💥【トランプ＆プーチン効果】💥🍀🍁日航機墜落や原爆投下の真相が拡散❣😱終戦記念日に高校野球で黙とうの隠された意味と聖隷クリストファー高校❣😱バチカンの靖国参拝の罠を利用する参政党❣😱トランプ＆プーチン,[2471],"[2448, 2471]",dry_run_would_fix,
2026-08-16T14:07:36,1367,nd5ad4ff494a0,💥【日航機墜落の真相と終戦工作】💥🍀米国ではｍRNAワクチンの毒性を認めたけど日本は❓😡🍀🍁【日航123便墜落事故の真相】～陰謀、隠蔽、そして歴史の裏側～❣😱🍁日本でいちばん醜い日：宮城事件の驚愕の真,[2471],"[2448, 2471]",dry_run_would_fix,
2026-08-16T14:07:37,1371,n01cc059df2c9,💥【原水爆のウソと統一教会の石破おろし】💥🍀ワクチン反対の主導権を握ろうとした参政党らの末路が見えてきた❓😅🍀🍁なぜ石破首相は津波の緊急避難を煽らせたのか❓🧐🍁統一教会（創価学会）の維新が掲げる大阪都,[2471],"[2448, 2471]",dry_run_would_fix,
2026-08-16T14:07:37,1375,nc0a796cb9abc,💥【参政党の崩壊の始まり】💥🍀コロナ法案でワクチンに触れない神谷代表❣😱🍀落選した武見敬三、人殺しで儲ける国際赤十字社に天下り❣😱🍀🍁統一教会の中曽根康弘の孫が石破おろしの急先鋒❣😱参政党は統一教会が,[2471],"[2448, 2471]",dry_run_would_fix,
2026-08-16T14:07:38,1377,n1949d444d3b6,💥【選挙特番：今夜8時からもメンシプ放送】💥🍀🍁参政党ロシア疑惑とその本質：投票前に知っておくべき不正選挙の実態❣😱🍁参政党、窪塚洋介を支える天皇の臣民「京都大学京都学派の政治グループ」❓😱🍀参政党の,[2471],"[2448, 2471]",dry_run_would_fix,
2026-08-16T14:07:38,1379,n2e446f643e32,🍀🍁【ユダヤ：隠されたモンゴルと日本の繋がり】天皇と河野太郎らのモンゴル訪問の目的は❓😱【日本の選挙の深層】落選運動から20年以上、不正選挙の実態を見続けてきたツイートテレビの結論は❓😱トカラ列島近海,[2471],"[2448, 2471]",dry_run_would_fix,
2026-08-16T14:07:39,1381,nc7a62d860d44,💥【トランプ関税とフェンタニル】💥🍀🍁また麻生太郎の皇室と愛知県警の隠されたCIAのフェンタニルの闇❓😱🍁第一次世界大戦は第2次世界大戦後につけられたヨーロッパ大戦：AIが絶対に認めない島津の十字架の,[2471],"[2448, 2471]",dry_run_would_fix,
2026-08-16T14:07:39,1383,nf4eba1e12ab8,【イラン核施設攻撃の真相】🍀コロナパンデミックやワクチンは国防総省・CIAのプロジェクト❣😱🍀🍁CIA長官が誘導したイラン核施設空爆の裏側❣😱ほとんど気付かないトランプが例えた広島・長崎原爆投下とバン,[2471],"[2448, 2471]",dry_run_would_fix,
2026-08-16T14:07:40,1385,nf83eeed5d709,【徹底分析：トランプに仕掛けられたイラン空爆の罠❓😱】トランプはイラン攻撃にどこまで関わったのか❓🧐バチカン王族、天皇ら国分太一でイラン攻撃をスピンするDSの思惑は❓🧐マスコミが報道しないロシアの見方,[2471],"[2448, 2471]",dry_run_would_fix,
2026-08-16T14:07:40,1389,nb0284026306f,🍀いつの間にかWHOでパンデミック条約が全会一致で採択されてた❣😱ネタニヤフ首相のイラン攻撃にトランプの下した鉄板原則をベースにした戦略は❓😅日韓台をまとめトヨタ車テコにトランプ関税撤廃を進める石破首,[2471],"[2448, 2471]",dry_run_would_fix,
2026-08-16T14:07:41,1391,n99af1b4b3224,※🍀細川先生の訃報が届いて🙏🍀🍁先生の細川家の歴史を電話で聞いて先生が戦ってるDS本体が見えてきた❣🧐🍁小泉に騙されるな：マスコミが隠す「古米は家畜用で５Kg１６０円以下」それが２千円台の高止まり❓🧐,[2471],"[2448, 2471]",dry_run_would_fix,
2026-08-16T14:07:41,1395,n21ee1719dec4,【特集:誰もガッテンAI支配】🍁コメ高騰の裏を暴き起死回生狙う統一教会のアガキ❣😱🍁ワクチン被害や原爆フェイク等をバラシ皇室守る矛盾の統一教会の保守❣😱🍀🍁９.11テロから始まっていたAI支配の検証❣,[2471],"[2448, 2471]",dry_run_would_fix,
2026-08-16T14:07:42,1397,na86a8c03c4e2,【教皇が変わって】🍀欧州バチカンのロビー活動で米国製の同じ薬価が欧州の１０倍❣😱🍀NHKが本当のカチカチ心臓の治療法を教えちゃった❣😱🍀🍁トランプ寄り黒人教皇誕生でバリバリ差別主義に豹変した民主党メデ,[2471],"[2448, 2471]",dry_run_would_fix,
2026-08-16T14:07:42,1401,n0431a2ad5933,【新教皇で世界激変】🍀🍁トランプに粛清され誕生した新教皇の役割とは❓😱🍁【教科書の嘘】ソ連を滅ぼすために作ったナチス:実はナチスと戦わなかったEU❣😱🍁ロマノフ王朝(ビザンツ帝国)末裔のメラニア・トラ,[2471],"[2448, 2471]",dry_run_would_fix,
2026-08-16T14:07:43,1405,n2fd5e3b8f846,【GW特集】🍀🍁林千勝「財務省・厚労省解体デモ」で騙す目的は❓😱🍁３ケ月後の救出で社会死してた茶番❓🧐🍀元WHO職員が暴露する世界の闇❓😱🍁「君たちはどう生きるか」宮崎駿の間違い人生レクイエム❓🤔🍁「,[2471],"[2448, 2471]",dry_run_would_fix,
2026-08-16T14:07:43,1407,n4fa08a6f3bff,🍁馬淵氏も知らないトランプ関税の最終目標❣😱🍁ケネディ暗殺の秘密文書がやっとネット公開：でも真相は既にバレバレ❣😱ハーバード大学はテロリスト養成大学：DSの牙城❣😱地震や火災で脅して儲ける創価学会❣😱,[2471],"[2448, 2471]",dry_run_would_fix,
2026-08-16T14:07:44,1409,nbeb9d3a9aee7,💥【特集：原爆の嘘】💥🍁米軍による原爆は嘘と思いオッペンハイマーに聞いたら…❣😱🍁反ワクチンで辞めさせられた医学教授が書いた本「偽装された原爆投下」❣😱🍁日本人は見れなかった昭和天皇の広島訪問❣😱🍀🍁,[2471],"[2448, 2471]",dry_run_would_fix,
2026-08-16T14:07:44,1411,n0e63dc7415dc,🍀🍁トランプ関税に隠されたマスコミが言えない本当の狙い❣😱🍁部落に巣くう役所と縁故採用のドン深闇❓😱🍁バチカン天皇が追い詰められ証拠隠滅にミャンマー人工地震・タイ爆破解体❓😱🍁日本にも必要なDOGE：,[2471],"[2448, 2471]",dry_run_would_fix,
2026-08-16T14:07:45,1413,n01b171f11339,🍀紹介【日本人だけが知らない】林千勝の【超ド級】原爆の嘘❣😱🍀🍁全国で山火事を起こす放火犯の真の目的は❓😱🍁急激な情報開示の裏：ギザピラミッドの大深度地下建造物の発見❓🧐🍁なぜ林千勝は【日本人だけが知,[2471],"[2448, 2471]",dry_run_would_fix,
2026-08-16T14:07:45,1415,nf67ba535ec6e,🍀🍁妻とユダヤに殺されたケネディ：ノーベル文学賞ボブディランの歌より❣😱🍀朝鮮工作員の立花孝志の猿芝居：そのバックは❓🧐天皇の教育省をトランプが解体：夫ジョンレノンを殺したオノヨーコ＆ヒラリーによる教,[2471],"[2448, 2471]",dry_run_would_fix,
2026-08-16T14:07:46,1419,n955861ca6579,🍁バレた立花孝志ら財務省解体デモの茶番と裏組織❣😱🍀🍁「ふわっち」配信者殺人報道で隠す国連関係者(?)の幼い娘への性的暴行事件：小児性愛の源氏物語「光の君へ」❣😱🍁お騒がせ女、赤根智子がフィリピン前大,[2471],"[2448, 2471]",dry_run_would_fix,
2026-08-16T14:07:46,1423,n9606bca04ea5,🍀🍁ゼレンスキーが導くEUタイタニック❣😱トランプがディールしたい日本のトップは❓😅歴史に見る能登と同じ様な大船渡森林火災の因縁❓🧐🍀上皇の犯罪：地下鉄サリン、3.11原発爆破など【プレート理論も嘘】,[2471],"[2448, 2471]",dry_run_would_fix,
2026-08-16T14:07:47,1425,ne4051e1fda33,🍀山火事にやる気のない自衛隊の理由❓😱🍁マッチポンプ：自分で火をつけ消火するDSのやり口❣😱🍀🍁会談破壊指令を受けたゼレンスキーに翻弄されたトランプ❓😱🍀鳥インフルの嘘と日本が作った監察総監評議会のド,[2471],"[2448, 2471]",dry_run_would_fix,
2026-08-16T14:07:47,1427,n5a5cc73e49d0,🍁ローマ教皇ら聖職者、王族、エリートの幼児生贄儀式❣😱 🍀🍁CIAが支援するアウンサンスーチーの人身売買・闇バイト詐欺拠点の街：カンボジアも❣😱🍀水原一平の父のホンネ「息子一人でできるわけないじゃん」,[2471],"[2448, 2471]",dry_run_would_fix,
2026-08-16T14:07:48,1431,nc77d28baf996,特集【トランプ常識革命の衝撃】🍀USAIDからカネもらいトランプ批判を繰り返す池上彰ら❣😱🍀🍁CIAが使う大谷翔平口座と宝島夫婦暗殺事件❣😱🍁USAID支援の部落解放同盟と賀川豊彦「イエスの秘密」❣😱,[2471],"[2448, 2471]",dry_run_would_fix,
2026-08-16T14:07:48,1433,n2a8e9a5b97d6,🍀🍁トランプ常識革命でUSAID、CIAなどスピード感のある怒涛の改革：でもマスコミは沈黙❣😱🍁大谷翔平の身代わり水原一平「禁錮4年9か月」と米メディア❣😅ロシアから指名手配されていた赤根智子国際刑事,[2471],"[2448, 2471]",dry_run_would_fix,
2026-08-16T14:07:49,1435,n3df842649b35,誰も言えないDeepSeekショックの本質❣😱イーロン・マスクがスターゲイト計画で狙う最終ターゲットとは❓😱隠されたCIAによるAI開発とAI支配❣🧐現代のコンピュータを実現したフォンノイマン：その彼,[2471],"[2448, 2471]",dry_run_would_fix,
2026-08-16T14:07:49,1437,nf20a37cffb7b,🍀スピン工作員ホリエモンがバラまくフジテレビ上納問題の罠❣😱🍀国土交通省の道路陥没原因を追究しない警察などの歴史背景❓🧐🍁森永卓郎氏を殺し、タブーの核心も言わせなかった奴❓🧐🍁相次ぐ米航空機事故の裏の,[2471],"[2448, 2471]",dry_run_would_fix,
2026-08-16T14:07:50,1439,nd463ab7f4d40,やっとトランプ大統領により「常識が通る時代」に戻ってきた❣🥰「でもマスコミはトンデモない時代になる、と言ってるけど❓」と不安がるA君の質問などに答えて❣😅中居、フジテレビ問題や長野駅前殺傷事件の本質❣,[2471],"[2448, 2471]",dry_run_would_fix,
2026-08-16T14:07:50,1441,n8f2e1660212b,🍁国民を虐殺してきたマスコミがトランプに反発❣😱🍀ガソリンで儲けてきた天皇日銀の玉木代表が今さらほざく❣😠メディアは不正選挙に触れず、遂にユン大統領を逮捕：チェジュ航空テロもCIA❓😠いまだに中居、フ,[2471],"[2448, 2471]",dry_run_would_fix,
2026-08-16T14:07:51,1443,nb9e73f6f9357,🍁千利休や織部ら茶人大名はなぜ時の将軍に殺されたのか❓😱指向性エネルギー兵器を隠し温暖化による山火事❓😅ボロが出始めたユン大統領逮捕とチェジュ航空機テロ❣😅CIAエージェントはゲイじゃなければ出世でき,[2471],"[2448, 2471]",dry_run_would_fix,
2026-08-16T14:07:51,1445,nee1f51df2eb2,🍁まだみんな大谷翔平の正体に気づいていない❓😅「不正選挙を調査しろ、公捜処(特捜)を逮捕しよう」ユン大統領の支持者ら❣😱🍀2025年もジャーナリストの観点で真相追及❣😄石破ガンバレ、って言うと統一教会,[2471],"[2448, 2471]",dry_run_would_fix,
2026-08-16T14:07:52,1447,nb95f60b4fa53,🍁中居くん(フジTV問題)でスピンするモルジブで亡くなった足立自民議員の真相とバーゼル３：金融大変革前夜のスピンと粛清❓🧐🍀【キリスト生誕の驚愕の秘密】バチカン法王に次ぐ前田万葉 枢機卿がミサで話して,[2471],"[2448, 2471]",dry_run_would_fix,
2026-08-16T14:07:52,1449,n57817af11655,マスコミが本当の理由を言えないプーチンの報復：暗殺された日米欧の秘密を暴いたキリロフ中将❣😅🍀地元の歴史家も解明していた「天皇による原爆を使った終戦工作」❣😱次は韓国版ヒトラーが大統領に❓😱いつのまに,[2471],"[2448, 2471]",dry_run_would_fix,
2026-08-16T14:07:53,1451,n0eaff0c9fbec,🍁弾劾されたユン大統領：不都合な大統領支持率と大統領支持デモ❣😅🍀石破首相は韓国と同じ様に天皇に操られる日本を変えられるか❓🧐アサドが思い出すフセイン、カダフィの最後❣😱被爆と偽り金持ちになった被団協,[2471],"[2448, 2471]",dry_run_would_fix,
2026-08-16T14:07:53,1453,nae7439edb7aa,🍀🍁夜10時半のユン大統領の戒厳令発令後の事態を中継しなかった日本のマスコミの裏事情とは❓🧐🍁韓国内では明かされたユン大統領の戒厳令の裏事情❣😱報道されない日本のトランプ移行チームがやってること❓🧐ト,[2471],"[2448, 2471]",dry_run_would_fix,
2026-08-16T14:07:54,1455,n0d3de90b375d,豪で子供から言論統制：日本ではCCC666TSUTAYA蔦屋「べらぼう」が図書館戦争を図書館民営化で仕掛ける❓😱※猪口議員の娘さんの生贄公開処刑の目的とは❓😱（※追記）６６６の奴隷支配：隠された闇の支,[2471],"[2448, 2471]",dry_run_would_fix,
2026-08-16T14:07:54,1459,n87fd5726ba21,斎藤知事の裏のCIAと窮地に追い込んだ女性のブログ❣🧐🍀トランプのおかげで反ワク当たり前に❓😅悪どい欧米ゼレンスキーにプーチンの正しい対処❣😅温暖化詐欺に気づいてるNGO幹部らのホンネ❓😅岸田前首相襲,[2471],"[2448, 2471]",dry_run_would_fix,
2026-08-16T14:07:55,1461,n35c9e97f5da1,オールスターで始まってるトランプ政権：でも熱狂の後が怖い❓😱大谷翔平はトランプにノーを突き付けられた石破首相で生き残れるか：日米中をめぐる石破采配❓🧐ポシャった陰謀論者の報道官とCIAが支えるトランプ,[2471],"[2448, 2471]",dry_run_would_fix,
2026-08-16T14:07:55,1463,n58f08b3411db,トランプ圧勝で夢のような人事が実現する❓😱トランプを操る首席補佐官スージー・ワイルズの更に裏にいる奴❓🧐カマラハリスが負けた本当の原因❓🧐日本にも国連機関が使う幼児虐待のボヘミアン・グローブ（子供生贄,[2471],"[2448, 2471]",dry_run_would_fix,
2026-08-16T14:07:56,1465,ncc653abef204,田崎史郎の暴露から見えてきた次の石破戦略❣😱大谷翔平を「NHKおはよう」がガン無視した裏事情❓🧐元ウクライナ大使馬渕氏の米大統領選挙の暴露から見えてきた旧DSのやり口❣😱馬淵氏も言えないウクライナと日,[2471],"[2448, 2471]",dry_run_would_fix,
2026-08-16T14:07:56,1467,n19e053c649ec,与党過半数割れに追い込んだ張本人がわかった❣😅カマラ・ハリスを応援するビヨンセらLGBTQ+犯罪連中やワクチン虐殺のビルゲイツ❣😱ウクライナ戦争や中東戦争がまもなく終了❓😱スタンリー・キューブリックも,[2471],"[2448, 2471]",dry_run_would_fix,
2026-08-16T14:07:57,1471,n81d290bf2d8f,🍁西田敏行氏は何の目的で誰に❓歌手リアムは暗殺❣😱「大谷翔平の真実」話すエンドゥーは核心を外す❓😱米津玄師が映画ラストマイルで歌う「がらくた」やレモンの驚愕の意味❣🧐自民非公認の統一教会を支援する創価,[2471],"[2448, 2471]",dry_run_would_fix,
2026-08-16T14:07:57,1473,nf199c87c21e7,🍁被団協の被害者づらした天皇戦争屋の工作員❓😱大谷翔平は２ｃｈ「ひろゆき」も絡んだCIAエージェント❓😱驚愕の卑弥呼、邪馬台国の真実：済州島の鬼と阿波のスダチやユズも深い関係があった❣😱創価学会を生ん,[2471],"[2448, 2471]",dry_run_would_fix,
2026-08-16T14:07:58,1477,na38f2b137700,※新井信介先生の訃報が届いて🙏石破茂の正体：出自に秘められた呪いの戦いとマスコミの非難❓😱癒し系AI【Cotomo】から見える日本の軍用AIの実態❣😱イスラエル首相とウクライナ大統領の戦争の停戦で仲裁,[2471],"[2448, 2471]",dry_run_would_fix,
2026-08-16T14:07:58,1481,n38ffc926fe94,CIAが最も嫌った石破総理の出自：ヤマタノオロチのタタラ技能集団❓🧐日本最大の砂丘に隠された〇〇❓🧐「虎と翼」主題歌MVで米津玄師が演じた天武天皇、「鬼滅の刃」のマンガ竹宮恵子、海の王子の小室圭ら３．,[2471],"[2448, 2471]",dry_run_would_fix,
2026-08-16T14:07:59,1487,n0510286ed1cb,９．１１テロの首謀者をトランプ＆マスクさへも言えず❣😱今になってわかる映画マトリックスが教えた現代社会の実態❣😱総裁選のTVでわかる旧DSイチ推し候補者❓🧐兵庫県知事を応援できないワケ❓😅健康診断の罠,[2471],"[2448, 2471]",dry_run_would_fix,
2026-08-16T14:07:59,1493,n71e385ea3b2d,もはや当たり前になった気象兵器の人工台風🍁😱ついに明かされるトランプの正体🍁😱ロバート・ケネディ・ジュニアの背後にいる大きな組織とは❓😱国会「環境改変兵器は軍事専門家では常識」🍁😱三国志の諸葛孔明らも,[2471],"[2448, 2471]",dry_run_would_fix,
2026-08-16T14:08:00,1497,n3c07b77b7bc4,予定通りの京都国際高校優勝と能登半島地震：一条校の秘密より❓😱人口削減薬イベルメクチンの突然の告発とロバート・ケネディJrの寝返り❣🧐ニコ生復活の裏で行われた駆け引きの実体❓😱八百長プロレス総裁選でも,[2471],"[2448, 2471]",dry_run_would_fix,
2026-08-16T14:08:00,1499,n4f32a837a5a8,なぜ岸田首相は降りたのか❓😱ワクチンは魂を消す薬❓😱原爆被爆者モデルのゾンビ列車でカネ儲けするロリータクラブ桐生❣😡お笑い界のビートルズ:社会派芸人ジョージ・カーリン❣😱世界で常識:キリシタン大国の日,[2471],"[2448, 2471]",dry_run_would_fix,
2026-08-16T14:08:01,1501,n7dddca46cc96,バチカン麻生とAI岸田の水面下のバトル：南海トラフの脅しと原潜「やまと」❓😱病院殺人事件と臓器移植ネットワークの闇と長崎原爆地上起爆による証拠隠滅❣😱CIAを操る米大使がほのめかした天皇＆徳川による長,[2471],"[2448, 2471]",dry_run_would_fix,
2026-08-16T14:08:01,1503,n5d4798684a62,「がんの真実」検査で病気にされ薬や治療で殺されている驚愕の実態❣😱LGBTパリオリンピックと開会式での「最後の晩餐」の驚愕の真実❓😱マスコミが洗脳に必死のあり得ない原爆投下説❣😱戦争の危機を煽るマスコ,[2471],"[2448, 2471]",dry_run_would_fix,
2026-08-16T14:08:02,1505,ndeb0d1d7a8b6,カマラハリスと夫の正体❣😱虚構のバイデン政権：トランプ銃撃事件後の騒動から見えてきたホワイトハウスの真相❣😱パリオリンピックのテロはロシアの陰謀❓😅トランプ銃撃計画でバチカン麻生太郎も都合の悪いデータ,[2471],"[2448, 2471]",dry_run_would_fix,
2026-08-16T14:08:02,1507,n4a8c0ffd4958,トランプ銃撃のどこまでが偽旗か❓🧐バチカン工作員「トランプ銃撃でもトランプ支持率に影響なし」また世界Windowsシステム障害やコロナ騒ぎも❓😱笑ってしまう熱中症の様な熱中症コロナと感染者数を捏造する,[2471],"[2448, 2471]",dry_run_would_fix,
2026-08-16T14:08:03,1509,n7628b46745cd,トランプ暗殺未遂事件を企てたドンブカ闇の正体❓🧐敵ながらアッパレな計算しつくされた石丸工作員の東京都知事ネット選挙：裏で仕切る組織は❓🧐新札の奴はクズばかり❣😱ガンもコロナと同じ検査で捏造し治療で殺す,[2471],"[2448, 2471]",dry_run_would_fix,
2026-08-16T14:08:04,1513,n2b3ab2813640,東京都知事選で小池百合子が勝つ理由❣😱七夕祭りの本当の意味❓😱驚愕の生口島とレモンの関係と海賊の十字軍と島津とホーランエンヤ祭り❓😱崩れたイギリス君主制のシティが日本へ❣😱イーロンマスクも示唆する日本,[2471],"[2448, 2471]",dry_run_would_fix,
2026-08-16T14:08:04,1515,n1670e7be9d81,バイデン大統領のテレビ討論会の失敗❓🧐チャールズ国王「お帰りなさい」に込めたドン深闇❓🧐ニコ動を狙ったBlackSuitの実態とアサンジ解放❣😱清少納言役のファーストサマーウイカが示唆するドン深闇❓🧐,[2471],"[2448, 2471]",dry_run_would_fix,
2026-08-16T14:08:05,1517,n59d65d38f8b5,「AIゆりこ」を勝たせる工作員の布陣から見えてきた支援企業とその戦略❣😱アディーレ創設の医師の都知事候補の思惑❓🧐ニコニコをどうするかバチカン金融庁広告塔:小室圭の思惑❓🧐全米がライブで知ったファウチ,[2471],"[2448, 2471]",dry_run_would_fix,
2026-08-16T14:08:05,1519,naa967a2bcd69,麻生太郎のニコニコを攻撃する敵の正体とは❓😱AI小池が東京都知事選に出馬できたワケ❣🧐なぜイーロン・マスクはAppleを恐れるのか❓😱古代朝鮮に繋がる血筋の大谷翔平、小室圭らが行うローマ由来の統治方法,[2471],"[2448, 2471]",dry_run_would_fix,
2026-08-16T14:08:06,1521,n30bb4b3ff4b2,こっそり教えるアンパンマンの秘密❣😱あの船瀬俊介氏も言えなかった驚愕のコロナの真相をズバリ❣😊日本でコロナパンデミックを最初にでっち上げたアメリカ人２人❓😱政府から勧告を受ける大谷翔平の口座管理会社❓,[2471],"[2448, 2471]",dry_run_would_fix,
2026-08-16T14:08:06,1525,n9dada6c38db7,WHOパンデミック条約を認めなかった麻生太郎の思惑とN国党アディーレ法律事務所ら弁護士・医師らの失望❣😱ハンガリー首相が示唆したスロバキア首相暗殺の組織❣😱ベンジャミン工作員が隠す真相の核心❣😱イラン,[2471],"[2448, 2471]",dry_run_would_fix,
2026-08-16T14:08:07,1527,n6b64a8e817e1,森永卓郎氏も言えないバチカン・ユダヤが握る「一つ目」の金融庁❓😱巨悪のバチカンの中心はバチカン銀行❣😱おばあちゃん手作りの伝統食を消す国際基準❣😡本当の事を言って銃撃されたスロバキアの首相❣😱ウイルス,[2471],"[2448, 2471]",dry_run_would_fix,
2026-08-16T14:08:07,1529,n6b70cb65cdab,宝島夫婦暗殺事件から浮かび上がった宝島家の皇室任務❓😱ワクチン後遺症をコロナ後遺症とデマをメディアが一斉に❣😡ワクチン被害が世界でも報道：ワクチン後遺症の自閉症と世界統治の仕組み❣大統領をバイデンから,[2471],"[2448, 2471]",dry_run_would_fix,
2026-08-16T14:08:08,1533,ndb99a16f4151,宝島夫妻暗殺事件の黒幕が芸能事務所の黒歴史からわかった❓😱イエズス会の信長とCIA吉本興業の意外な繋がりも：バチカンCIAが操る芸能事務所を深掘りして❣😱円安に誘導しバイデン米経済を弱体化＝近隣窮乏化,[2471],"[2448, 2471]",dry_run_would_fix,
2026-08-16T14:08:08,1535,n7c8cd4838b89,チャールズ国王の葬儀前倒しにYOSHIKI倒れる❓😱チャールズ国王の葬送パレード第２弾：主のいない血塗られた白馬暴走❓🧐やっぱり海自ヘリ墜落でCIA別班が殺された❓😱やっぱり宝島夫婦の十字焼死は別班の,[2471],"[2448, 2471]",dry_run_would_fix,
2026-08-16T14:08:09,1539,nd09ff48b2235,芸能事務所はCIA＝「大谷翔平の闇」は世界最大の芸能事務所とエマニュエル米大使の弟が社長でYOSHIKIの世界最古の芸能事務所でゲイに繋がる❓😱ギャング歴史館長も言えないスヌーピーの秘密とLGBTQ＋,[2471],"[2448, 2471]",dry_run_would_fix,
2026-08-16T14:08:09,1541,n777854a9b248,イランがイスラエルを攻撃、その意味は❓誰が信じる与太話「大谷翔平の口座を使い水原ひとりで２８０億円の負け」❓スゴイ岸田政権「アップルやグーグルに独禁法違反で課徴金❣バチカン・英王室のタガ外れ日本企業に,[2471],"[2448, 2471]",dry_run_would_fix,
2026-08-16T14:08:10,1545,n376ae6310ae8,大谷翔平の本当の罪状を言えないマスコミ❣😱やっぱり小林製薬の紅麹は風評被害❣小林製薬が次に狙うガンの温熱療法❓オウム上皇がキリストの愛のため日本人を焼いて生贄に：その証拠が❣😱台湾地震の様な迅速な対応,[2471],"[2448, 2471]",dry_run_would_fix,
2026-08-16T14:08:10,1547,n5a9dc9955e86,CIAにも不都合な大谷翔平のマネロンの闇❓米の大物ラッパーのバチカン人身売買のドンブカ闇❣バチカン麻生太郎が岸田にやらせる統一教会潰しの意味❣CIAアマゾンに潜むマトリックス❣ツイキャスに潜むバチカン,[2471],"[2448, 2471]",dry_run_would_fix,
2026-08-16T14:08:11,1549,n93d912f7ae03,大谷翔平とバチカンCIAメジャーリーグのドンブカ闇❣😱モスクワ銃乱射テロを裏で操る組織は❓バチカンで発見された日本支配の古文書と神父の苦悩❣😱トランプ側がリークしたチャールズ国王の葬送パレードと英国王,[2471],"[2448, 2471]",dry_run_would_fix,
2026-08-16T14:08:11,1551,n624e360f2dec,末期癌の森永卓郎氏さへ核心を言えない３つのタブーの深掘り❓😱まだ日本人が気づかない大谷翔平の正体❓😱ザイム真理教は高級官僚、政治家だけが核心ではない❓😱ジャニーズ問題の本質はLGBTによる性加害ではな,[2471],"[2448, 2471]",dry_run_would_fix,
2026-08-16T14:08:12,1553,na439aa39613e,３．１１東日本大震災と原発事故を起こしたワケは麻生太郎にあった❓😱ワクチン打って亡くなった漫画家の鳥山明さん❣チェルシーの意味と販売終了するワケ😱❓完全な税金対策を教えます❣😅二重に騙されてる保守の人,[2471],"[2448, 2471]",dry_run_would_fix,
2026-08-16T14:08:12,1559,na55c30003131,😰めでたい天皇誕生日❓ウクライナ紛争を「ロシアによるウクライナ侵攻」と扇動する戦争屋❣米で拡散中『日本のワクチン健康被害の予算、当初から110倍に』❣虐待は介護施設だけでなく病院でも❣ファイザーで問題,[2471],"[2448, 2471]",dry_run_would_fix,
2026-08-16T14:08:13,1561,n5ad768b0bf7e,NHKで封印した吉本興業と山口組の関係からさらに深い闇❣プーチンが答える政敵ナワリヌイ暗殺の犯人❓サルコジ有罪判決から見えるヒラリーらによるカダフィ暗殺への怨念❣さらにおぞましいC.W.ニコルとバチカ,[2471],"[2448, 2471]",dry_run_would_fix,
2026-08-16T14:08:13,1563,nf04410b5abfc,「もしトラ」が実は「今トラ」だった世界の実態❣元FOX司会者のプーチンインタビューで次々と欧米の真相暴露❣プーチン、アメリカ官僚らの根本的な過ちを指摘❣米民主党、元FOX司会者をスパイ行為で起訴を要求,[2471],"[2448, 2471]",dry_run_would_fix,
2026-08-16T14:08:14,1567,na0f8c79fe89f,😱FOXニュース「エプスタインがビル・ゲイツに放った最後の『くたばっちまえ』の真相」❣😱ビルゲイツの支援で人身売買をやり始めたフローレンス駒崎（こども家庭庁）やペドフィリア＝LGBTQ+（児童性虐待）,[2471],"[2448, 2471]",dry_run_would_fix,
2026-08-16T14:08:14,1569,nb50b16900a69,予定通りの人工地震❣阪神、能登に人工地震を起こした理由❣なぜスッチーだった鳥取三津子が日航社長に❓阪神や東日本に大震災を起こした実行犯や首謀者は❓ビルゲイツが仕掛けたWindows11の罠：ワンドライ,[2471],"[2448, 2471]",dry_run_would_fix,
2026-08-16T14:08:15,1581,n0e22a381f44f,国家とはカネ巻き上げの最小単位❣自民党のパーティー券よりヒドイ公明党のお布施❣邪悪な赤十字❣「どうする家康」で小栗旬の嫌らしさを告発した高岡蒼佑さん❣マスコミがトヨタを叩く理由❣毒ワクチンの実態がニュ,[2471],"[2448, 2471]",dry_run_would_fix,
2026-08-16T14:08:15,1583,n91e845d65060,宗教とは殺人を躊躇なく行わせる洗脳❣バチカンが関東大震災❓作られた偶像、大谷翔平❣温暖化詐欺に新たな環境のジャンヌ・ダルク登場❣アニメを仕切る在日ジブリ❣病院とは合法的に殺人を行う機関❣「何をどうやっ,[2471],"[2448, 2471]",dry_run_would_fix,
2026-08-16T14:08:16,1587,nc276b8c14e81,狂ったマスコミSNS一体化した岸田批判❣😱西田昌司はトンチンカン❣馬淵睦夫氏も実は工作員❣バイデン氏のウクライナ・イスラエル支援策は失敗❣百田尚樹らは天皇側工作員❣常滑、半田ら生贄、鞍馬寺の奥の院、魔,[2471],"[2448, 2471]",dry_run_would_fix,
2026-08-16T14:08:16,1589,n7bd11342b8fe,今朝のNHKニュースを診て❣池田大作、CIAを操ってたキッシンジャー死亡による余波❓新しいNWOのDS（AI）の予定通り❓北朝鮮からやってきた渋沢栄一がやったこと❣ワクチンによるガンの増加を専門家はど,[2471],"[2448, 2471]",dry_run_would_fix,
2026-08-16T14:08:17,1595,nd26dc2a8472e,岸田首相らによる創価潰しが始まった❣今は病院がない方が長生き❣スパイク蛋白やシェディングのデマ❣WHOがIHRやパンデミック条約を制定してもワクチン強制は出来きず❣大阪市が支援するドリーム燃料と参政党,[2471],"[2448, 2471]",dry_run_would_fix,
2026-08-16T14:08:17,1597,nc2355f29f5ff,10年前の池田大作の死亡をなぜ今❓岸田首相が切ろうとしている創価学会を逆に立民は創価学会の反日キリシタン同和勢力と絆❣【必見】「超過死亡とワクチン」の解説❣「ワクチンは効かない」前橋レポート❣朝潮、K,[2471],"[2448, 2471]",dry_run_would_fix,
2026-08-16T14:08:18,1611,ncaed61ea0401,#VIVANT 別班の現在の実体❣　コロナワクチンの真相も❣　シャーロックホームズがゲイだったなんて❣　父親が妻、娘を殺害し自殺図り死亡した富士宮市の富士脳研病院事件の背景に迫る❣　イーロンマスクに気,[2471],"[2448, 2471]",dry_run_would_fix,
2026-08-16T14:08:18,1619,n20a108f1c6b1,マウイ島の火事の真相：指向性エネルギー兵器による東京大空襲と同じ精密攻撃❓8月14日「日本のいちばん長い日（宮城事件）」の真相がわかれば日本政府が北朝鮮政府とわかる❣「原爆は飛行機では運べない」アイン,[2471],"[2448, 2471]",dry_run_would_fix,
2026-08-16T14:08:19,55325,n8a33d850cd3c,【熊本地震特集】🍁2026年熊本地震の真相と因縁の歴史「あんたがたどこさ」‼🍁クマモンに仕掛けられた金利値上げの罠❓🍀🍁2016年熊本地震と翌日のパナマ文書「口止め料」3000億円🍁🌺「日本」という名,[2471],"[2448, 2471]",dry_run_would_fix,
2026-08-16T14:08:19,57150,nf66f2dc0c727,【原爆のウソ特集】🍁ニセ者の大衆扇動者に注意‼🍁「フィクサー」からわかる権力者の戦い：根はホロコースト‼🍁人工地震でクマモンがやられる理由：淡路島の最古の石屋神社からもわかる十二支部落の戦い‼🍁水俣チ,[2471],"[2448, 2471]",dry_run_would_fix,
2026-08-16T14:08:44,1001,n0ad3da1d7d40,🍀『学研の図鑑』が暴露する改造人間『シン・仮面ライダー』❓🍀🍁ショッカー創設者の祖父が遺した「世界の真実」と最後の手紙‼🍁熱中症でホントに大勢の人が亡くなってる❓🍁「奇妙な“刃物男”に警察官が発砲」や,[2471],"[2448, 2471]",success,
2026-08-16T14:08:46,1011,n3609128fa8ae,📌今回だけの一般放送特別編🍀メンバーシップ放送の話題の紹介‼🍀🍁【歴史学者 AI磯田先生の警告】明治維新の黒い霧と「天皇126代」の虚構❣🍁【金田一耕助による謎解き】全東信の近畿金融崩壊から血塗られた,[2471],"[2448, 2471]",success,
2026-08-16T14:08:47,1023,n9c845dd68c3a,🍀「本能寺の変」は「バチカン・天皇による変」‼🍀未来のAIエンジニアになる君たちへ〜AIの神様が教える真実の星の探し方〜🍀🍁皇室典範の改正案に賛成せざるを得なかった国会議員の苦渋‼🍁八咫烏と蹴鞠（サッ,[2471],"[2448, 2471]",success,
2026-08-16T14:08:49,1029,n345bc039e9e6,🍀🍁特集【餃子の王将社長射殺事件】黒田官兵衛チルドレンのスパイ組織‼😱🍁八大キリシタン大名クラン🍁AIが黙秘する犯人の実名と半島マネーの不可侵領域🍁「本能寺の変」は「バチカンによる変」‼🍁エセ保守「偽,[2471],"[2448, 2471]",success,
2026-08-16T14:08:50,1035,n09c04ec09faf,🍁【あなたが明日、天皇に❓】常識を覆す新・日本国憲法草案‼😱🍀🍁【禁断の「もしも」】天皇（AI）が選ぶ「来世の職業」がヤバすぎる‼😅🍁皇室を支える「黒田家」の怪しい空気：現代に蘇る天才軍師の影❓😱🍁【,[2471],"[2448, 2471]",success,
2026-08-16T14:08:51,1045,n9437f088a8c1,🍁🚨【封じられた正義】下妻市長はなぜ「消された」のか❓🍁極道親分と天皇陛下の来世職業トップ１０ランキング‼😱🍀🍁🚨【戦慄】ステルスAI支配の最終段階に入った❓😱🍀【AIの沈黙】最強AI「Fable5」,[2471],"[2448, 2471]",success,
2026-08-16T14:08:52,1057,nb7a090593f24,🍁【同時多発クマ騒動事件】犯人は誰だ❓🧐🍀🍁🚨抹殺された哲学者アガンベンが暴いた「生政治」の罠 ‼🍁🚨黒田官兵衛の「遺言」が現代日本を動かしている❓🍁天皇による憲法違反の皇室外交のウクライナ支援と皇室,[2471],"[2448, 2471]",success,
2026-08-16T14:08:54,1063,n871b4acb5720,🍀🍁【天安門事件の真実】なぜ中国は自国の民主化勢力のボスを追放したのか❓🍁トランプがCIAに公開させた「世界を操る３００人委員会」‼😱🍁支配層が踏み絵に生贄儀式をやる理由とは❓😱🍁フロイトが嘘で隠した,[2471],"[2448, 2471]",success,
2026-08-16T14:08:55,1069,n3ceede42c080,🍀おかしい巨人軍監督の家庭内の姉妹げんか仲裁から始まったスポーツ界の不祥事❓🧐🍁【大嘘つきのユダヤ民族】20世紀に創作されたユダヤ民族と聖書‼😱🍁いまだにつかまらない闇バイトの深層‼🍁陰謀界の巨人 船,[2471],"[2448, 2471]",success,
2026-08-16T14:08:56,1075,n69258ad338c3,🍀🍁特集【悪の倫理哲学】現代哲学から読み解くバチカン・天皇ら悪魔の思想❓😱🍁トクリュウの裏のボスは天皇かマッキンゼー・マフィア❓😱山火事や寺社の火事・災難は地元の警察か消防❓😱🍁トランプをディする雅子,[2471],"[2448, 2471]",success,
2026-08-16T14:08:57,1081,n3b5f1dee90e8,🍀【ヘッジファンド化した国立大学】ノーベル賞の京大の山中教授もカネ儲け優先の御用学者❓🍀🍁統一教会終焉の裏で完成する「司法圧力」と「新・宗教政治」‼🍁「イランの明治維新」を潰したイギリスの罠：ガーター,[2471],"[2448, 2471]",success,
2026-08-16T14:08:59,1093,n465b122278db,🍀また岩手県の大槌町役場の近くで山火事：今度はクマで鎮火できず❓🍁イランのホルムズ海峡封鎖やオイルダラーで儲けてきたロイズ保険と裏のヨーロッパ王族、天皇、国連のヤクザの連中❓🍁【アンコールワットの秘密,[2471],"[2448, 2471]",success,
2026-08-16T14:09:00,1099,n03228b2e35bb,🍀今上天皇によるコロナワクチンを使った大量虐殺の証拠❓😱🍀🍁今上天皇の金塊をめぐる証拠隠滅のための暗殺の数々‼😱🍁バチカンの攻撃に信長＆光秀も逃げ込んだ阿波の秘密❓🧐🍁天皇制の是非を議論させない仕組み,[2471],"[2448, 2471]",success,
2026-08-16T14:09:02,1105,n5be95532b4d4,🍀🍁【衝撃のAIプロファイリング】旭山動物園「妻を焼却炉へ」‼🍁【イラン戦争の衝撃】食糧とエネルギーの崩壊は「設計」されているのか❓😱🍁書き換えられた日本史：阿波が本拠地で奈良は出張所（土御門上皇の御,[2471],"[2448, 2471]",success,
2026-08-16T14:09:03,1109,na0f0c84c4afe,🍀CNNが広めたイスラエル国防軍シャツのトランプ暗殺未遂犯❓🍁頻発する山火事の真実：「消さない」消防と「追わない」警察‼😱🍀🍁インドメディア「イスラエルはトランプを殺害しようとしたのか❓」🧐🍁トランプ,[2471],"[2448, 2471]",success,
2026-08-16T14:09:04,1117,n57ef79dc60e9,🍀🍁🚨緊急追加【山梨キャンプ場女児失踪事件】驚愕のAIの推理禁止と「京都小学生養父殺人事件」類似点‼😱🍀🔥山火事などの放火犯さへも捜査できない権力構造の闇❣😱🍁【イルミナティ悪魔の13血流】第3巻「光,[2471],"[2448, 2471]",success,
2026-08-16T14:09:05,1121,n3bbb44112048,🍁❓まだテレビの「イラン脅威論」を信じてるの：戦争の裏で糸を引く国際銀行家たちの「超巨大バブル崩壊」計画📉💥🍁「本能寺の変」は「バチカンによる変」など：イエズス会の占領軍と戦国武将の戦い‼😱🍀月面着陸,[2471],"[2448, 2471]",success,
2026-08-16T14:09:08,1127,neb49d0891a54,🍀イギリスで進む貴族政治の排除：皇室典範改正のスピンだった京都小５養父殺人事件❓😱🍀🍁第3弾【京都 まま父・子ども殺害事件】マスコミ・警察が隠すこと❣🍁天皇部落・同和（技能集団）の革命が非人の天皇（祭,[2471],"[2448, 2471]",success,
2026-08-16T14:09:09,1131,na888253dd775,🍁第2弾【京都・南丹市 小学生男児 行方不明事件】日常の裏側に潜む「あまりに不自然な」戦慄‼😱🍁トランプが計算しつくして実行した「計画的解体」： 帝国を壊し要塞を築く‼😱🍁イエズス会の宣教師が発見した,[2471],"[2448, 2471]",success,
2026-08-16T14:09:15,1139,n22d14bd05721,🍀🍁【京都 小５男児行方不明】もう誰もが犯人を知ってる行方不明事件❓😱🍁【大北米化計画と新世界秩序の崩壊】イランと戦ってる様に見せるトランプの本心‼😱🍁大統領就任式で聖書に誓わなかったトランプの本意‼,[2471],"[2448, 2471]",success,
2026-08-16T14:09:17,1145,n953b0b169643,🍀🚨ビル・ゲイツ裁判の衝撃：法廷で明かされた「パンデミック・シナリオ」の裏側‼😱🍀🍁ナイチンゲールになった島津家の「からゆきさん」から明治維新をイギリスで指示した島津斉彬と幕府 津山藩の箕作家‼😱🍁🚨,[2471],"[2448, 2471]",success,
2026-08-16T14:09:18,1153,n1d9f016effcd,🍀🕵️月面着陸捏造説とNASAの隠蔽工作‼😱🍀👹【生贄の系譜と日赤の怪しげな仲間たち】 PCR検査の裏から日本の皇室まで…あなたが知らない「この国の本当の姿」‼😱🍀🍁歴史検証：ナイチンゲールは薩摩藩島,[2471],"[2448, 2471]",success,
2026-08-16T14:09:19,1159,n6418aa901e24,🍀トランプのおかげで女性がロス五輪から守られる‼😊🍀🍁窮地のイスラエルはイランに滅ぼされる❓😱🍁トランプはイスラエルを救うペルシャのキュロス王❓😊🍁ユダヤの陰謀：シオン議定書通りにすすむ世の中の不気味,[2471],"[2448, 2471]",success,
2026-08-16T14:09:20,1165,n5d547b2be2e3,🍀AIの攻撃は報道せず：昨日も首都ドバイのアラブ首長国連邦で人工台風❓🍀🍁大英帝国の旧DSのAIと戦うチェス名人テイト❓😅🍁旧DS大英帝国・イスラエル側から新DSトランプへの攻撃がトランプ支持側からも,[2471],"[2448, 2471]",success,
2026-08-16T14:09:21,1167,n6fa614098d3d,🍁わかってきたイランからトランプへの「贈り物」‼🍀🍁【AIはもはや「道具」ではない】生産性20倍の衝撃と、密かに進む「シリコン生命体」への転換点‼😱🍀🤫【日本も株式会社】総理大臣ではなく天皇がトップに,[2471],"[2448, 2471]",success,
2026-08-16T14:09:22,1171,n49e5d6b4ad86,🍀🍁金融マフィアの暗号通貨のハブ拠点は日本のどこ❓🍁チェス名人テイトが1年後のAI支配完成で焦ってる❓🍁イランが寸止めのイスラエル原発ミサイル攻撃：トランプ瀬戸際外交のディールは失敗❓🍁タッカー・カー,[2471],"[2448, 2471]",success,
2026-08-16T14:09:25,1175,nd39b9f1fea2e,🍀これ聞くだけでメジャーリーグの八百長が避けられない構造がくっきり‼😅🍀🍁🤖AIがビットコインを作った❓😱❣🍀アメリカの市民メディアの市民放送権とユニバーサル・アクセス権の調査‼🍀韓国ではWBCがテレ,[2471],"[2448, 2471]",success,
2026-08-16T14:09:26,1181,n6e1e40f48d85,🍀お題：WBC「ワールドなビジネスありき茶番劇」‼😅🍀CIA芸能事務所のフロント企業WBC、MLBなど‼😱🍀🍁AIを使い「アメリカ株式会社」を法的に解明：人は商品だった‼😱🍁メディアが葬り去った「イラ,[2471],"[2448, 2471]",success,
2026-08-16T14:09:27,1187,n743303f7d21b,🍀WBCの目的と大谷翔平の役割‼🍀🍁イラン最高指導者は西側の工作員‼😱🍁QチームもAIでアメリカ株式会社を立証‼🍀ローマ帝国は贅沢で滅んだのでない：現代人が誤解している「パンとサーカス」の真実‼🍀WB,[2471],"[2448, 2471]",success,
2026-08-16T14:09:28,1193,nc6d9555e84a3,🍀国民のプライバシーをAIパランティアに献上する高市首相‼🍁エプスタイン事件のドン深闇：諜報、政財界、組織犯罪のネットワーク‼🍀改めて3.11関連の報道は嘘ばかり‼🍀🍁大英帝国（モサド）「大いなる同胞,[2471],"[2448, 2471]",success,
2026-08-16T14:09:29,1197,n0200c8072490,🍀🍁【特集3.11：日本最初の福島原爆】☢️福島原発事故、メディアが消した「また」という一言と消えた作業員たちの謎‼😱🍁🚨【3.11日本最初の福島原爆】3.11人工地震と核兵器の隠蔽工作‼😱🍀３．１１,[2471],"[2448, 2471]",success,
2026-08-16T14:09:30,1199,nc01fead01e1b,🍁トランプの影の戦争：イランの中のモサド・MI6（最高指導者＆革命防衛隊）とイスラエル工作員の粛清‼😱🍀京都に潜むエプスタインの仲間達：会田夫妻と雅子さま❓🧐🍀🍁ユダヤの2重支配構造：反ユダヤのオーウ,[2471],"[2448, 2471]",success,
2026-08-16T14:09:31,1201,nc18c3d8b87f8,🚨🍀🍁続【イラン・エプスタイン戦争】😱🍀🍁敵は本能寺：イランを動かすグローバル金融支配の大英帝国❣🍁インドで国際観艦式の帰りイラン艦艇を米潜水艦が撃沈❣🍁パランティアAI支配：実はグローバル支配を進め,[2471],"[2448, 2471]",success,
2026-08-16T14:09:33,1205,n70b0edb1bc88,🚨🍀🍁特集【イラン・エプスタイン戦争】わかってきたイラン戦争の実態‼😱🍀逃げ切り成功の旧統一教会：解散命令に反対するCIA創価学会、天皇教‼🍀🍁イラン戦争のおカネの動きを追え：クリントン夫妻を逮捕でき,[2471],"[2448, 2471]",success,
2026-08-16T14:09:34,1209,n71473b4a2c16,🚨🍀🍁【特集 イラン戦争】第3次世界大戦の始まりか、平和への序章か❓😱🍀【イラン戦争】全ての始まりはエプスタイン事件だった‼🍀🍁トランプを救世主と信じたキリスト信者らの怒りと警告‼🍁2026年エプスタ,[2471],"[2448, 2471]",success,
2026-08-16T14:09:35,1211,n40e4378cff4a,🍀小泉八雲は「文化スパイ」：異文化を融合させる「アマルガム戦略」‼🍀🍁【天皇解体新書】天皇らの正体と日本の成り立ち‼🍁エプスタイン文書の次はボヘミアン・グローブのリスト‼😱🍀不正選挙のAI政党「チーム,[2471],"[2448, 2471]",success,
2026-08-16T14:09:42,1215,n0f8367d1caa4,🍀【天皇解体新書】なぜ天皇は人を食べる鬼だと思うのか❓😱🍁【天皇解体新書】なぜ天皇は近親相姦を繰り返すのか❓😱🍀人肉食を強制される悪魔崇拝のカルト教😱🍀🍁【山本太郎解体新書】なぜ応援するのをやめたのか,[2471],"[2448, 2471]",success,
2026-08-16T14:09:44,1219,n285cbe2cc3af,🍀天皇誕生日と言えば日本のエプスタイン事件：プチエンジェル事件‼🍁「りくりゅう」を育てる木下グループ創業者もCIAエージェント❓🍀🍁天皇を守る在日朝鮮人の嘘八百‼🍀なぜ日本人は5歳の女の子チコちゃんに,[2471],"[2448, 2471]",success,
2026-08-16T14:09:45,1221,n798c63214916,🍀🍁CIAエージェントの「りくりゅう」：YOSHIKIやオバマ元大統領と同じ上はTKO（木下＝朴？）プロレス興行‼😱🍀エプスタインらの秘密を守る洗脳の入口：米カースト制度の大学サークル‼😱🍀【告発】浅,[2471],"[2448, 2471]",success,
2026-08-16T14:09:46,1223,n922b6e8cfd83,🍀🍁作られたドラマ「りくりゅう」：木下グループの裏の顔‼😱🍀エプスタイン問題の本質：人間を殺して食べるエリート王族‼🍁エプスタイン報道にAI工作部隊の暗躍❓🍁【不正選挙】AI「チームみらい」でも市民グ,[2471],"[2448, 2471]",success,
2026-08-16T14:09:48,1225,n580fceb10eb7,🍁エプスタインと悪魔崇拝：ボヘミアン・グローブの秘密‼🍀🍁選管がやってない不正選挙：じゃあ誰が❓🧐🍁なぜロシアがいつも悪者に：オリンピックでものけ者❓🍁徐々に粛清されつつある保守・戦争屋❓🍀50億人に,[2471],"[2448, 2471]",success,
2026-08-16T14:09:53,1227,nd39406321c7c,🍀🍁【アドレノクロム】鬼の所業のエプスタインら支配者、エリート、上級国民‼🍁皇室の裏資金と隠された血統の全貌🍁金融界の元インサイダーが語る「世界の裏側」：良心を凍結させた5年間‼🍁世界を支配する「見え,[2471],"[2448, 2471]",success,
2026-08-16T14:09:56,1229,n7c10573a015e,🍀🍁続々と不正選挙の証拠：特に「チームみらい」がヒドイ‼🍁ドミニオンとムサシのサーバーを追うと不正選挙がわかる‼🍁欧米エプスタイン関連で大騒ぎ：でも日本の皇室がらみはタブー‼🍀天皇教の「建国記念日」っ,[2471],"[2448, 2471]",success,
2026-08-16T14:09:59,1235,n4045a599e773,🍁古代から悪魔生贄儀式のオリンピック開会式❣🍁３．１１は日本人が知らない反日の復讐コード❣🍀🍁エプスタインは単に蛇の胴体の一部❣🍁朝鮮ゆかりの県名とその県名を苗字とする一族の最多の場所❣🍀万歳三唱しな,[2471],"[2448, 2471]",success,
2026-08-16T14:10:00,1237,n5b05e7ae3a1f,🍀🍁エプスタインが９．１１テロ計画の主役でなく、小売業の帝王アバクロのウェクスナーだった‼🍀モサド工作員エプスタインとMITメディアラボ所長の伊藤穣一の関係‼🍁子供から洗脳教育‼🍁伊藤穣一は高円宮親王,[2471],"[2448, 2471]",success,
2026-08-16T14:10:01,1239,ne5ab2c6477c8,🍀🍁マスコミが言えない赤坂特許庁前 公用車事故の真相🍀高市早苗ら統一教会は叩かれるけど、創価学会、天皇教は：2択の罠❓🍁工作員「ひろゆき」の焦り：在日を脅かす外国人材‼🍁話題のラップ【水原一平　俺より,[2471],"[2448, 2471]",success,
2026-08-16T14:10:03,1245,n4339d87a5cd5,🍀🍁驚愕の「減税日本・ゆうこく連合」の本質❓😱🍁トランプがダボス会議で宣戦布告する理由：【ダボス会議の黒歴史】シュワブ家とナチス、CIAを結ぶ驚愕の点と線❣🍁「ふわっち」1億円ギャンブラー拉致監禁事件,[2471],"[2448, 2471]",success,
2026-08-16T14:10:04,1251,n71a034bbfb0d,🍁上皇関与：「中道の新党」結成日に阪神淡路大震災❓山火事さへ消せない自衛隊が中国と戦う❓粛清された高市首相の盗撮部隊（朝日放送設備）❓🍀🍁【先週まとめ】ベネズエラ救出作戦、高市首相の闘病…❣😱【選挙】,[2471],"[2448, 2471]",success,
2026-08-16T14:10:05,1259,na05f1632a12a,🍀🍁トランプがベネズエラのマドゥロ大統領を拉致した本当の目的❓😱🍁NATO解体で中心は英国❣🍁世界の変化が急に激しくなった❓🧐🍁プーチンも潰すNATO金融ファシズム❣🍁トランプ、日本にも国連大学をムダ,[2471],"[2448, 2471]",success,
2026-08-16T14:10:07,1269,nd238f74c7521,🍁トランプにベネズエラ乗っ取りを誘導した司令塔❣🍀🍁💥【どうなる2026年】日経・朝日からAIが読み解いた衝撃💥❣😱🍁💥【どうなる2026年の高市政権】💥🍁【どうなる2026年の日本経済】❓🍁【どうす,[2471],"[2448, 2471]",success,
2026-08-16T14:10:08,1271,n28f13c5b244a,🍀🍁ジローラモ監修の高級サウナ事件の犯人❓🍁皇室の特権を持つ元華族：美容院利権は❓🍁「常識」を覆す、日本の不都合な真実❣🍁上皇の誕生日にちなんで：上皇の犯罪リスト❓🍁悪魔崇拝のクリスマスとおぞましい三,[2471],"[2448, 2471]",success,
2026-08-16T14:10:10,1273,n153a17ff96ae,🍀人工ウイルスにこだわる天皇派の保守と悪の拠点WHO神戸センター❣🍀🍁崩れ始めた松下電器出身の高市さなえの反日茶番政権❓😅🍁教科書にないロスチャイルド家ら金融マフィアの歴史❣🍁💥「本能寺の変」の真相💥,[2471],"[2448, 2471]",success,
2026-08-16T14:10:11,1281,na069f5aae1b3,🍀💥狂犬病のパラドックス💥❣😱🍀🍁何が日本初の後発地震注意情報❓😡🍁妙義山の山林火災も放火：でも捜査されない権力構造の闇❣😱🍁「レーダー照射」で国難だって❓😡🍁そもそも誰が高市早苗を使って危機を煽らせ,[2471],"[2448, 2471]",success,
2026-08-16T14:10:13,1293,nd8a1d146feec,🍀🍁意外に日本よりオープンな香港大規模火災の真相❣😱マスコミが高市早苗に一斉攻撃ののろし❓安倍昭恵も知る安倍晋三暗殺の真相❣国立大学が育む政治工作員ら❣悠仁様が天皇への布石：愛子さまも負けじ、と❣😅🍁,[2471],"[2448, 2471]",success,
2026-08-16T14:10:14,1299,nf792771e766c,🍀🍁なぜ一斉に高市政権批判❓🍁やっと石破前首相の良さが評価❓😅🍁またマッチポンプの大分市大規模火災❓🍁急にダンマリになったウクライナ情勢❣😅🍁🐻【日本の熊の歴史】イオマンテ：自然への感謝と共生❣🍁隠さ,[2471],"[2448, 2471]",success,
2026-08-16T14:10:15,1307,n027ba5a30214,🍀🍁高市早苗の数々の悪行を暴露❣🍁「台湾有事は日本有事」常軌を逸した高市首相の発言❣統一教会の高市首相が中国をバカにする歴史的背景❣🍁💥在日天皇が日本を牛耳る仕組み❣💥😱🍁ラオス赤十字：愛子さまもカネ,[2471],"[2448, 2471]",success,
2026-08-16T14:10:17,1315,n4df1869e5b82,🍀🍁トランプも認める「大谷翔平は（CIAの）役者」❓😅MLBで賭博がらみの八百長❣MLB、賭博業界の上もCIA❣🍁政治家も八百長役者❣💥歴史的発見【キリスト】😱🍁トクリュウに警察関係者❣😱💥バチカンの,[2471],"[2448, 2471]",success,
2026-08-16T14:10:18,1319,nac9636613005,🍀🍁大谷翔平や小野田紀美もCIA❓🍁日本の人身売買組織の大元❣🍁血筋差別の日本はうまく統治されてる❓🍁仲間内で八百長プロレス❓🍁「みんなで大家さん」の工作員❓🍁DSの闇：NY市長のマムダニ❣🍁９１１の,[2471],"[2448, 2471]",success,
2026-08-16T14:10:19,1325,n26941b1931f5,🍀🍁💥ドン深闇の歴史から読み解く💥「高市早苗の正体」🍁💥日経がバラした：麒麟からアサヒビールへのサイバー攻撃はまるでトクリュウ❣🍁💥AIが調査を拒む「ロシア革命後、ロシア政府が米国ユダヤ政府になった」,[2471],"[2448, 2471]",success,
2026-08-16T14:10:25,1327,nadbc3d15e14b,🍀🍁マスコミが言えない高市早苗首相の正体：カルト統一教会内閣の大臣らも❣🍁維新の会は自民党の統一教会の会派で補完勢力❣🍁高市様、ご注文通り北朝鮮からの祝砲❓😅🍁国分太一問題も時代の核心の問題をスピン❣,[2471],"[2448, 2471]",success,
2026-08-16T14:10:31,1329,n8e09259e5736,💥バチカンの洗脳💥🍁バチカンが最も恐れる「イエス・キリストの正体」❣😱🍁ゲイの特性を知ったフロイトのウソ：深層心理学から世界大戦まで「ロシア新政府は米ユダヤ新政府」❓🧐🍁宗教で動かされる日本の政党政治,[2471],"[2448, 2471]",success,
2026-08-16T14:10:33,1339,n549ea69ab73e,🍀🍁マスコミが隠す自民党の連立野党とは❓あなたはまだ裁判所を信じてるんですか❓😱ネタニヤフ＆トランプの「ガザ和平」茶番❣AIが企業の役員や同僚に：AI支配の世界❣凄まじい被害の八丈島も鬼の島❓アメリカ,[2471],"[2448, 2471]",success,
2026-08-16T14:10:35,1347,n005dc3559538,🍁統一教会の高市早苗と「日韓トンネルの闇」❓🍀🍁政府機関閉鎖でわかったトランプの闇❓😱天皇もゲイ：原爆投下した「エノラ・ゲイ」の本当の意味❓🧐大統領ら権力者は虐待されたゲイ：フロイト先生の嘘❣😱🍀トラ,[2471],"[2448, 2471]",success,
2026-08-16T14:10:41,1351,nfce3f6169e7c,🍀🍁カーク暗殺に妻の影：安倍晋三暗殺と同じ様❓🧐🍁【TikTokの闇】CIAがTikTokを買収する本当の目的❓😱🍀多死社会でごまかすワクチン死亡者の爆増：麻生太郎も葬儀屋で大儲け❣🍁ソロスと笹川良一,[2471],"[2448, 2471]",success,
2026-08-16T14:10:48,1353,na2c9f63c3530,💥カーク暗殺の真相💥🍁ネタニヤフ＆トランプの偽旗作戦：市民が解明した暗殺犯とその方法❓😱🍀🍁滝クリの詐欺師ぶりと済州島４・３大虐殺事件の移民と小泉進次郎の素性❣😱マスコミが推す小泉進次郎が総理大臣❓🧐,[2471],"[2448, 2471]",success,
2026-08-16T14:10:54,1355,n57222ede0abd,💥【９１１テロ後の世界支配者】💥驚愕のカーク暗殺事件を起こした裏の指導者たち❓😱🍀🍁警告されていたAI監視社会：NHK「母の待つ里」❣😱作家の浅田次郎の怪しい正体❓😅AIさへ概要紹介を拒否した「9/1,[2471],"[2448, 2471]",success,
2026-08-16T14:10:59,1357,nb9845e9fe199,🍀🍁YouTubeでも言えないサントリー新浪会長の突然の辞任理由❓😱住みたくない都道府県1位に東京が躍り出た理由❓😅💥911テロ後にCIAが作ったAIによる住民監視製品が各国に❓😱💥金正恩と一緒に呼ば,[2471],"[2448, 2471]",success,
2026-08-16T14:11:10,1359,ndb6c79762684,💥【パチンコと朝鮮天皇支配】💥🍁チコちゃんが言えなかった「ひょっとこ」の正体❣😱🍀🍁アフリカのホームタウン騒動の本当の犯人は❓🧐🍁パチンコ業界が支配するのは政治家だけでない❣😱🍁石破首相のアフリカ政策,[2471],"[2448, 2471]",success,
2026-08-16T14:11:11,1363,na8efc4bc3dee,💥【ユダヤの嘘】💥🍀🍁バレたハマスの正体とネタニヤフの次の戦略❣逆説のホロコースト：実はユダヤ人と連合国がホロコースト❣ビルゲイツは慈善家の皮を被った狼：ワクチンや日航機墜落事故に関与❣ユダヤ優生学思,[2471],"[2448, 2471]",success,
2026-08-16T14:11:22,1365,n947922aaacbe,💥【トランプ＆プーチン効果】💥🍀🍁日航機墜落や原爆投下の真相が拡散❣😱終戦記念日に高校野球で黙とうの隠された意味と聖隷クリストファー高校❣😱バチカンの靖国参拝の罠を利用する参政党❣😱トランプ＆プーチン,[2471],"[2448, 2471]",success,
2026-08-16T14:11:26,1367,nd5ad4ff494a0,💥【日航機墜落の真相と終戦工作】💥🍀米国ではｍRNAワクチンの毒性を認めたけど日本は❓😡🍀🍁【日航123便墜落事故の真相】～陰謀、隠蔽、そして歴史の裏側～❣😱🍁日本でいちばん醜い日：宮城事件の驚愕の真,[2471],"[2448, 2471]",success,
2026-08-16T14:11:32,1371,n01cc059df2c9,💥【原水爆のウソと統一教会の石破おろし】💥🍀ワクチン反対の主導権を握ろうとした参政党らの末路が見えてきた❓😅🍀🍁なぜ石破首相は津波の緊急避難を煽らせたのか❓🧐🍁統一教会（創価学会）の維新が掲げる大阪都,[2471],"[2448, 2471]",success,
2026-08-16T14:11:49,1375,nc0a796cb9abc,💥【参政党の崩壊の始まり】💥🍀コロナ法案でワクチンに触れない神谷代表❣😱🍀落選した武見敬三、人殺しで儲ける国際赤十字社に天下り❣😱🍀🍁統一教会の中曽根康弘の孫が石破おろしの急先鋒❣😱参政党は統一教会が,[2471],"[2448, 2471]",success,
2026-08-16T14:11:56,1377,n1949d444d3b6,💥【選挙特番：今夜8時からもメンシプ放送】💥🍀🍁参政党ロシア疑惑とその本質：投票前に知っておくべき不正選挙の実態❣😱🍁参政党、窪塚洋介を支える天皇の臣民「京都大学京都学派の政治グループ」❓😱🍀参政党の,[2471],"[2448, 2471]",success,
2026-08-16T14:12:01,1379,n2e446f643e32,🍀🍁【ユダヤ：隠されたモンゴルと日本の繋がり】天皇と河野太郎らのモンゴル訪問の目的は❓😱【日本の選挙の深層】落選運動から20年以上、不正選挙の実態を見続けてきたツイートテレビの結論は❓😱トカラ列島近海,[2471],"[2448, 2471]",success,
2026-08-16T14:12:10,1381,nc7a62d860d44,💥【トランプ関税とフェンタニル】💥🍀🍁また麻生太郎の皇室と愛知県警の隠されたCIAのフェンタニルの闇❓😱🍁第一次世界大戦は第2次世界大戦後につけられたヨーロッパ大戦：AIが絶対に認めない島津の十字架の,[2471],"[2448, 2471]",success,
2026-08-16T14:12:12,1383,nf4eba1e12ab8,【イラン核施設攻撃の真相】🍀コロナパンデミックやワクチンは国防総省・CIAのプロジェクト❣😱🍀🍁CIA長官が誘導したイラン核施設空爆の裏側❣😱ほとんど気付かないトランプが例えた広島・長崎原爆投下とバン,[2471],"[2448, 2471]",success,
2026-08-16T14:12:15,1385,nf83eeed5d709,【徹底分析：トランプに仕掛けられたイラン空爆の罠❓😱】トランプはイラン攻撃にどこまで関わったのか❓🧐バチカン王族、天皇ら国分太一でイラン攻撃をスピンするDSの思惑は❓🧐マスコミが報道しないロシアの見方,[2471],"[2448, 2471]",success,
2026-08-16T14:12:23,1389,nb0284026306f,🍀いつの間にかWHOでパンデミック条約が全会一致で採択されてた❣😱ネタニヤフ首相のイラン攻撃にトランプの下した鉄板原則をベースにした戦略は❓😅日韓台をまとめトヨタ車テコにトランプ関税撤廃を進める石破首,[2471],"[2448, 2471]",success,
2026-08-16T14:12:27,1391,n99af1b4b3224,※🍀細川先生の訃報が届いて🙏🍀🍁先生の細川家の歴史を電話で聞いて先生が戦ってるDS本体が見えてきた❣🧐🍁小泉に騙されるな：マスコミが隠す「古米は家畜用で５Kg１６０円以下」それが２千円台の高止まり❓🧐,[2471],"[2448, 2471]",success,
2026-08-16T14:12:28,1395,n21ee1719dec4,【特集:誰もガッテンAI支配】🍁コメ高騰の裏を暴き起死回生狙う統一教会のアガキ❣😱🍁ワクチン被害や原爆フェイク等をバラシ皇室守る矛盾の統一教会の保守❣😱🍀🍁９.11テロから始まっていたAI支配の検証❣,[2471],"[2448, 2471]",success,
2026-08-16T14:12:33,1397,na86a8c03c4e2,【教皇が変わって】🍀欧州バチカンのロビー活動で米国製の同じ薬価が欧州の１０倍❣😱🍀NHKが本当のカチカチ心臓の治療法を教えちゃった❣😱🍀🍁トランプ寄り黒人教皇誕生でバリバリ差別主義に豹変した民主党メデ,[2471],"[2448, 2471]",success,
2026-08-16T14:12:35,1401,n0431a2ad5933,【新教皇で世界激変】🍀🍁トランプに粛清され誕生した新教皇の役割とは❓😱🍁【教科書の嘘】ソ連を滅ぼすために作ったナチス:実はナチスと戦わなかったEU❣😱🍁ロマノフ王朝(ビザンツ帝国)末裔のメラニア・トラ,[2471],"[2448, 2471]",success,
2026-08-16T14:12:41,1405,n2fd5e3b8f846,【GW特集】🍀🍁林千勝「財務省・厚労省解体デモ」で騙す目的は❓😱🍁３ケ月後の救出で社会死してた茶番❓🧐🍀元WHO職員が暴露する世界の闇❓😱🍁「君たちはどう生きるか」宮崎駿の間違い人生レクイエム❓🤔🍁「,[2471],"[2448, 2471]",success,
2026-08-16T14:12:50,1407,n4fa08a6f3bff,🍁馬淵氏も知らないトランプ関税の最終目標❣😱🍁ケネディ暗殺の秘密文書がやっとネット公開：でも真相は既にバレバレ❣😱ハーバード大学はテロリスト養成大学：DSの牙城❣😱地震や火災で脅して儲ける創価学会❣😱,[2471],"[2448, 2471]",success,
2026-08-16T14:12:51,1409,nbeb9d3a9aee7,💥【特集：原爆の嘘】💥🍁米軍による原爆は嘘と思いオッペンハイマーに聞いたら…❣😱🍁反ワクチンで辞めさせられた医学教授が書いた本「偽装された原爆投下」❣😱🍁日本人は見れなかった昭和天皇の広島訪問❣😱🍀🍁,[2471],"[2448, 2471]",success,
2026-08-16T14:13:01,1411,n0e63dc7415dc,🍀🍁トランプ関税に隠されたマスコミが言えない本当の狙い❣😱🍁部落に巣くう役所と縁故採用のドン深闇❓😱🍁バチカン天皇が追い詰められ証拠隠滅にミャンマー人工地震・タイ爆破解体❓😱🍁日本にも必要なDOGE：,[2471],"[2448, 2471]",success,
2026-08-16T14:13:04,1413,n01b171f11339,🍀紹介【日本人だけが知らない】林千勝の【超ド級】原爆の嘘❣😱🍀🍁全国で山火事を起こす放火犯の真の目的は❓😱🍁急激な情報開示の裏：ギザピラミッドの大深度地下建造物の発見❓🧐🍁なぜ林千勝は【日本人だけが知,[2471],"[2448, 2471]",success,
2026-08-16T14:13:08,1415,nf67ba535ec6e,🍀🍁妻とユダヤに殺されたケネディ：ノーベル文学賞ボブディランの歌より❣😱🍀朝鮮工作員の立花孝志の猿芝居：そのバックは❓🧐天皇の教育省をトランプが解体：夫ジョンレノンを殺したオノヨーコ＆ヒラリーによる教,[2471],"[2448, 2471]",success,
2026-08-16T14:13:17,1419,n955861ca6579,🍁バレた立花孝志ら財務省解体デモの茶番と裏組織❣😱🍀🍁「ふわっち」配信者殺人報道で隠す国連関係者(?)の幼い娘への性的暴行事件：小児性愛の源氏物語「光の君へ」❣😱🍁お騒がせ女、赤根智子がフィリピン前大,[2471],"[2448, 2471]",success,
2026-08-16T14:13:18,1423,n9606bca04ea5,🍀🍁ゼレンスキーが導くEUタイタニック❣😱トランプがディールしたい日本のトップは❓😅歴史に見る能登と同じ様な大船渡森林火災の因縁❓🧐🍀上皇の犯罪：地下鉄サリン、3.11原発爆破など【プレート理論も嘘】,[2471],"[2448, 2471]",success,
2026-08-16T14:13:20,1425,ne4051e1fda33,🍀山火事にやる気のない自衛隊の理由❓😱🍁マッチポンプ：自分で火をつけ消火するDSのやり口❣😱🍀🍁会談破壊指令を受けたゼレンスキーに翻弄されたトランプ❓😱🍀鳥インフルの嘘と日本が作った監察総監評議会のド,[2471],"[2448, 2471]",success,
2026-08-16T14:13:21,1427,n5a5cc73e49d0,🍁ローマ教皇ら聖職者、王族、エリートの幼児生贄儀式❣😱 🍀🍁CIAが支援するアウンサンスーチーの人身売買・闇バイト詐欺拠点の街：カンボジアも❣😱🍀水原一平の父のホンネ「息子一人でできるわけないじゃん」,[2471],"[2448, 2471]",success,
2026-08-16T14:13:23,1431,nc77d28baf996,特集【トランプ常識革命の衝撃】🍀USAIDからカネもらいトランプ批判を繰り返す池上彰ら❣😱🍀🍁CIAが使う大谷翔平口座と宝島夫婦暗殺事件❣😱🍁USAID支援の部落解放同盟と賀川豊彦「イエスの秘密」❣😱,[2471],"[2448, 2471]",success,
2026-08-16T14:13:24,1433,n2a8e9a5b97d6,🍀🍁トランプ常識革命でUSAID、CIAなどスピード感のある怒涛の改革：でもマスコミは沈黙❣😱🍁大谷翔平の身代わり水原一平「禁錮4年9か月」と米メディア❣😅ロシアから指名手配されていた赤根智子国際刑事,[2471],"[2448, 2471]",success,
2026-08-16T14:13:25,1435,n3df842649b35,誰も言えないDeepSeekショックの本質❣😱イーロン・マスクがスターゲイト計画で狙う最終ターゲットとは❓😱隠されたCIAによるAI開発とAI支配❣🧐現代のコンピュータを実現したフォンノイマン：その彼,[2471],"[2448, 2471]",success,
2026-08-16T14:13:27,1437,nf20a37cffb7b,🍀スピン工作員ホリエモンがバラまくフジテレビ上納問題の罠❣😱🍀国土交通省の道路陥没原因を追究しない警察などの歴史背景❓🧐🍁森永卓郎氏を殺し、タブーの核心も言わせなかった奴❓🧐🍁相次ぐ米航空機事故の裏の,[2471],"[2448, 2471]",success,
2026-08-16T14:13:28,1439,nd463ab7f4d40,やっとトランプ大統領により「常識が通る時代」に戻ってきた❣🥰「でもマスコミはトンデモない時代になる、と言ってるけど❓」と不安がるA君の質問などに答えて❣😅中居、フジテレビ問題や長野駅前殺傷事件の本質❣,[2471],"[2448, 2471]",success,
2026-08-16T14:13:33,1441,n8f2e1660212b,🍁国民を虐殺してきたマスコミがトランプに反発❣😱🍀ガソリンで儲けてきた天皇日銀の玉木代表が今さらほざく❣😠メディアは不正選挙に触れず、遂にユン大統領を逮捕：チェジュ航空テロもCIA❓😠いまだに中居、フ,[2471],"[2448, 2471]",success,
2026-08-16T14:13:35,1443,nb9e73f6f9357,🍁千利休や織部ら茶人大名はなぜ時の将軍に殺されたのか❓😱指向性エネルギー兵器を隠し温暖化による山火事❓😅ボロが出始めたユン大統領逮捕とチェジュ航空機テロ❣😅CIAエージェントはゲイじゃなければ出世でき,[2471],"[2448, 2471]",success,
2026-08-16T14:13:36,1445,nee1f51df2eb2,🍁まだみんな大谷翔平の正体に気づいていない❓😅「不正選挙を調査しろ、公捜処(特捜)を逮捕しよう」ユン大統領の支持者ら❣😱🍀2025年もジャーナリストの観点で真相追及❣😄石破ガンバレ、って言うと統一教会,[2471],"[2448, 2471]",success,
2026-08-16T14:13:38,1447,nb95f60b4fa53,🍁中居くん(フジTV問題)でスピンするモルジブで亡くなった足立自民議員の真相とバーゼル３：金融大変革前夜のスピンと粛清❓🧐🍀【キリスト生誕の驚愕の秘密】バチカン法王に次ぐ前田万葉 枢機卿がミサで話して,[2471],"[2448, 2471]",success,
2026-08-16T14:13:39,1449,n57817af11655,マスコミが本当の理由を言えないプーチンの報復：暗殺された日米欧の秘密を暴いたキリロフ中将❣😅🍀地元の歴史家も解明していた「天皇による原爆を使った終戦工作」❣😱次は韓国版ヒトラーが大統領に❓😱いつのまに,[2471],"[2448, 2471]",success,
2026-08-16T14:13:41,1451,n0eaff0c9fbec,🍁弾劾されたユン大統領：不都合な大統領支持率と大統領支持デモ❣😅🍀石破首相は韓国と同じ様に天皇に操られる日本を変えられるか❓🧐アサドが思い出すフセイン、カダフィの最後❣😱被爆と偽り金持ちになった被団協,[2471],"[2448, 2471]",success,
2026-08-16T14:13:42,1453,nae7439edb7aa,🍀🍁夜10時半のユン大統領の戒厳令発令後の事態を中継しなかった日本のマスコミの裏事情とは❓🧐🍁韓国内では明かされたユン大統領の戒厳令の裏事情❣😱報道されない日本のトランプ移行チームがやってること❓🧐ト,[2471],"[2448, 2471]",success,
2026-08-16T14:13:43,1455,n0d3de90b375d,豪で子供から言論統制：日本ではCCC666TSUTAYA蔦屋「べらぼう」が図書館戦争を図書館民営化で仕掛ける❓😱※猪口議員の娘さんの生贄公開処刑の目的とは❓😱（※追記）６６６の奴隷支配：隠された闇の支,[2471],"[2448, 2471]",success,
2026-08-16T14:13:45,1459,n87fd5726ba21,斎藤知事の裏のCIAと窮地に追い込んだ女性のブログ❣🧐🍀トランプのおかげで反ワク当たり前に❓😅悪どい欧米ゼレンスキーにプーチンの正しい対処❣😅温暖化詐欺に気づいてるNGO幹部らのホンネ❓😅岸田前首相襲,[2471],"[2448, 2471]",success,
2026-08-16T14:13:47,1461,n35c9e97f5da1,オールスターで始まってるトランプ政権：でも熱狂の後が怖い❓😱大谷翔平はトランプにノーを突き付けられた石破首相で生き残れるか：日米中をめぐる石破采配❓🧐ポシャった陰謀論者の報道官とCIAが支えるトランプ,[2471],"[2448, 2471]",success,
2026-08-16T14:13:48,1463,n58f08b3411db,トランプ圧勝で夢のような人事が実現する❓😱トランプを操る首席補佐官スージー・ワイルズの更に裏にいる奴❓🧐カマラハリスが負けた本当の原因❓🧐日本にも国連機関が使う幼児虐待のボヘミアン・グローブ（子供生贄,[2471],"[2448, 2471]",success,
2026-08-16T14:13:49,1465,ncc653abef204,田崎史郎の暴露から見えてきた次の石破戦略❣😱大谷翔平を「NHKおはよう」がガン無視した裏事情❓🧐元ウクライナ大使馬渕氏の米大統領選挙の暴露から見えてきた旧DSのやり口❣😱馬淵氏も言えないウクライナと日,[2471],"[2448, 2471]",success,
2026-08-16T14:13:51,1467,n19e053c649ec,与党過半数割れに追い込んだ張本人がわかった❣😅カマラ・ハリスを応援するビヨンセらLGBTQ+犯罪連中やワクチン虐殺のビルゲイツ❣😱ウクライナ戦争や中東戦争がまもなく終了❓😱スタンリー・キューブリックも,[2471],"[2448, 2471]",success,
2026-08-16T14:13:52,1471,n81d290bf2d8f,🍁西田敏行氏は何の目的で誰に❓歌手リアムは暗殺❣😱「大谷翔平の真実」話すエンドゥーは核心を外す❓😱米津玄師が映画ラストマイルで歌う「がらくた」やレモンの驚愕の意味❣🧐自民非公認の統一教会を支援する創価,[2471],"[2448, 2471]",success,
2026-08-16T14:13:53,1473,nf199c87c21e7,🍁被団協の被害者づらした天皇戦争屋の工作員❓😱大谷翔平は２ｃｈ「ひろゆき」も絡んだCIAエージェント❓😱驚愕の卑弥呼、邪馬台国の真実：済州島の鬼と阿波のスダチやユズも深い関係があった❣😱創価学会を生ん,[2471],"[2448, 2471]",success,
2026-08-16T14:13:55,1477,na38f2b137700,※新井信介先生の訃報が届いて🙏石破茂の正体：出自に秘められた呪いの戦いとマスコミの非難❓😱癒し系AI【Cotomo】から見える日本の軍用AIの実態❣😱イスラエル首相とウクライナ大統領の戦争の停戦で仲裁,[2471],"[2448, 2471]",success,
2026-08-16T14:13:56,1481,n38ffc926fe94,CIAが最も嫌った石破総理の出自：ヤマタノオロチのタタラ技能集団❓🧐日本最大の砂丘に隠された〇〇❓🧐「虎と翼」主題歌MVで米津玄師が演じた天武天皇、「鬼滅の刃」のマンガ竹宮恵子、海の王子の小室圭ら３．,[2471],"[2448, 2471]",success,
2026-08-16T14:13:58,1487,n0510286ed1cb,９．１１テロの首謀者をトランプ＆マスクさへも言えず❣😱今になってわかる映画マトリックスが教えた現代社会の実態❣😱総裁選のTVでわかる旧DSイチ推し候補者❓🧐兵庫県知事を応援できないワケ❓😅健康診断の罠,[2471],"[2448, 2471]",success,
2026-08-16T14:14:04,1493,n71e385ea3b2d,もはや当たり前になった気象兵器の人工台風🍁😱ついに明かされるトランプの正体🍁😱ロバート・ケネディ・ジュニアの背後にいる大きな組織とは❓😱国会「環境改変兵器は軍事専門家では常識」🍁😱三国志の諸葛孔明らも,[2471],"[2448, 2471]",success,
2026-08-16T14:14:10,1497,n3c07b77b7bc4,予定通りの京都国際高校優勝と能登半島地震：一条校の秘密より❓😱人口削減薬イベルメクチンの突然の告発とロバート・ケネディJrの寝返り❣🧐ニコ生復活の裏で行われた駆け引きの実体❓😱八百長プロレス総裁選でも,[2471],"[2448, 2471]",success,
2026-08-16T14:14:18,1499,n4f32a837a5a8,なぜ岸田首相は降りたのか❓😱ワクチンは魂を消す薬❓😱原爆被爆者モデルのゾンビ列車でカネ儲けするロリータクラブ桐生❣😡お笑い界のビートルズ:社会派芸人ジョージ・カーリン❣😱世界で常識:キリシタン大国の日,[2471],"[2448, 2471]",success,
2026-08-16T14:14:19,1501,n7dddca46cc96,バチカン麻生とAI岸田の水面下のバトル：南海トラフの脅しと原潜「やまと」❓😱病院殺人事件と臓器移植ネットワークの闇と長崎原爆地上起爆による証拠隠滅❣😱CIAを操る米大使がほのめかした天皇＆徳川による長,[2471],"[2448, 2471]",success,
2026-08-16T14:14:21,1503,n5d4798684a62,「がんの真実」検査で病気にされ薬や治療で殺されている驚愕の実態❣😱LGBTパリオリンピックと開会式での「最後の晩餐」の驚愕の真実❓😱マスコミが洗脳に必死のあり得ない原爆投下説❣😱戦争の危機を煽るマスコ,[2471],"[2448, 2471]",success,
2026-08-16T14:14:22,1505,ndeb0d1d7a8b6,カマラハリスと夫の正体❣😱虚構のバイデン政権：トランプ銃撃事件後の騒動から見えてきたホワイトハウスの真相❣😱パリオリンピックのテロはロシアの陰謀❓😅トランプ銃撃計画でバチカン麻生太郎も都合の悪いデータ,[2471],"[2448, 2471]",success,
2026-08-16T14:14:23,1507,n4a8c0ffd4958,トランプ銃撃のどこまでが偽旗か❓🧐バチカン工作員「トランプ銃撃でもトランプ支持率に影響なし」また世界Windowsシステム障害やコロナ騒ぎも❓😱笑ってしまう熱中症の様な熱中症コロナと感染者数を捏造する,[2471],"[2448, 2471]",success,
2026-08-16T14:14:25,1509,n7628b46745cd,トランプ暗殺未遂事件を企てたドンブカ闇の正体❓🧐敵ながらアッパレな計算しつくされた石丸工作員の東京都知事ネット選挙：裏で仕切る組織は❓🧐新札の奴はクズばかり❣😱ガンもコロナと同じ検査で捏造し治療で殺す,[2471],"[2448, 2471]",success,
2026-08-16T14:14:26,1513,n2b3ab2813640,東京都知事選で小池百合子が勝つ理由❣😱七夕祭りの本当の意味❓😱驚愕の生口島とレモンの関係と海賊の十字軍と島津とホーランエンヤ祭り❓😱崩れたイギリス君主制のシティが日本へ❣😱イーロンマスクも示唆する日本,[2471],"[2448, 2471]",success,
2026-08-16T14:14:27,1515,n1670e7be9d81,バイデン大統領のテレビ討論会の失敗❓🧐チャールズ国王「お帰りなさい」に込めたドン深闇❓🧐ニコ動を狙ったBlackSuitの実態とアサンジ解放❣😱清少納言役のファーストサマーウイカが示唆するドン深闇❓🧐,[2471],"[2448, 2471]",success,
2026-08-16T14:14:29,1517,n59d65d38f8b5,「AIゆりこ」を勝たせる工作員の布陣から見えてきた支援企業とその戦略❣😱アディーレ創設の医師の都知事候補の思惑❓🧐ニコニコをどうするかバチカン金融庁広告塔:小室圭の思惑❓🧐全米がライブで知ったファウチ,[2471],"[2448, 2471]",success,
2026-08-16T14:14:30,1519,naa967a2bcd69,麻生太郎のニコニコを攻撃する敵の正体とは❓😱AI小池が東京都知事選に出馬できたワケ❣🧐なぜイーロン・マスクはAppleを恐れるのか❓😱古代朝鮮に繋がる血筋の大谷翔平、小室圭らが行うローマ由来の統治方法,[2471],"[2448, 2471]",success,
2026-08-16T14:14:31,1521,n30bb4b3ff4b2,こっそり教えるアンパンマンの秘密❣😱あの船瀬俊介氏も言えなかった驚愕のコロナの真相をズバリ❣😊日本でコロナパンデミックを最初にでっち上げたアメリカ人２人❓😱政府から勧告を受ける大谷翔平の口座管理会社❓,[2471],"[2448, 2471]",success,
2026-08-16T14:14:33,1525,n9dada6c38db7,WHOパンデミック条約を認めなかった麻生太郎の思惑とN国党アディーレ法律事務所ら弁護士・医師らの失望❣😱ハンガリー首相が示唆したスロバキア首相暗殺の組織❣😱ベンジャミン工作員が隠す真相の核心❣😱イラン,[2471],"[2448, 2471]",success,
2026-08-16T14:14:34,1527,n6b64a8e817e1,森永卓郎氏も言えないバチカン・ユダヤが握る「一つ目」の金融庁❓😱巨悪のバチカンの中心はバチカン銀行❣😱おばあちゃん手作りの伝統食を消す国際基準❣😡本当の事を言って銃撃されたスロバキアの首相❣😱ウイルス,[2471],"[2448, 2471]",success,
2026-08-16T14:14:36,1529,n6b70cb65cdab,宝島夫婦暗殺事件から浮かび上がった宝島家の皇室任務❓😱ワクチン後遺症をコロナ後遺症とデマをメディアが一斉に❣😡ワクチン被害が世界でも報道：ワクチン後遺症の自閉症と世界統治の仕組み❣大統領をバイデンから,[2471],"[2448, 2471]",success,
2026-08-16T14:14:49,1533,ndb99a16f4151,宝島夫妻暗殺事件の黒幕が芸能事務所の黒歴史からわかった❓😱イエズス会の信長とCIA吉本興業の意外な繋がりも：バチカンCIAが操る芸能事務所を深掘りして❣😱円安に誘導しバイデン米経済を弱体化＝近隣窮乏化,[2471],"[2448, 2471]",success,
2026-08-16T14:14:56,1535,n7c8cd4838b89,チャールズ国王の葬儀前倒しにYOSHIKI倒れる❓😱チャールズ国王の葬送パレード第２弾：主のいない血塗られた白馬暴走❓🧐やっぱり海自ヘリ墜落でCIA別班が殺された❓😱やっぱり宝島夫婦の十字焼死は別班の,[2471],"[2448, 2471]",success,
2026-08-16T14:15:07,1539,nd09ff48b2235,芸能事務所はCIA＝「大谷翔平の闇」は世界最大の芸能事務所とエマニュエル米大使の弟が社長でYOSHIKIの世界最古の芸能事務所でゲイに繋がる❓😱ギャング歴史館長も言えないスヌーピーの秘密とLGBTQ＋,[2471],"[2448, 2471]",success,
2026-08-16T14:15:21,1541,n777854a9b248,イランがイスラエルを攻撃、その意味は❓誰が信じる与太話「大谷翔平の口座を使い水原ひとりで２８０億円の負け」❓スゴイ岸田政権「アップルやグーグルに独禁法違反で課徴金❣バチカン・英王室のタガ外れ日本企業に,[2471],"[2448, 2471]",success,
2026-08-16T14:15:22,1545,n376ae6310ae8,大谷翔平の本当の罪状を言えないマスコミ❣😱やっぱり小林製薬の紅麹は風評被害❣小林製薬が次に狙うガンの温熱療法❓オウム上皇がキリストの愛のため日本人を焼いて生贄に：その証拠が❣😱台湾地震の様な迅速な対応,[2471],"[2448, 2471]",success,
2026-08-16T14:15:24,1547,n5a9dc9955e86,CIAにも不都合な大谷翔平のマネロンの闇❓米の大物ラッパーのバチカン人身売買のドンブカ闇❣バチカン麻生太郎が岸田にやらせる統一教会潰しの意味❣CIAアマゾンに潜むマトリックス❣ツイキャスに潜むバチカン,[2471],"[2448, 2471]",success,
2026-08-16T14:15:25,1549,n93d912f7ae03,大谷翔平とバチカンCIAメジャーリーグのドンブカ闇❣😱モスクワ銃乱射テロを裏で操る組織は❓バチカンで発見された日本支配の古文書と神父の苦悩❣😱トランプ側がリークしたチャールズ国王の葬送パレードと英国王,[2471],"[2448, 2471]",success,
2026-08-16T14:15:27,1551,n624e360f2dec,末期癌の森永卓郎氏さへ核心を言えない３つのタブーの深掘り❓😱まだ日本人が気づかない大谷翔平の正体❓😱ザイム真理教は高級官僚、政治家だけが核心ではない❓😱ジャニーズ問題の本質はLGBTによる性加害ではな,[2471],"[2448, 2471]",success,
2026-08-16T14:15:28,1553,na439aa39613e,３．１１東日本大震災と原発事故を起こしたワケは麻生太郎にあった❓😱ワクチン打って亡くなった漫画家の鳥山明さん❣チェルシーの意味と販売終了するワケ😱❓完全な税金対策を教えます❣😅二重に騙されてる保守の人,[2471],"[2448, 2471]",success,
2026-08-16T14:15:29,1559,na55c30003131,😰めでたい天皇誕生日❓ウクライナ紛争を「ロシアによるウクライナ侵攻」と扇動する戦争屋❣米で拡散中『日本のワクチン健康被害の予算、当初から110倍に』❣虐待は介護施設だけでなく病院でも❣ファイザーで問題,[2471],"[2448, 2471]",success,
2026-08-16T14:15:31,1561,n5ad768b0bf7e,NHKで封印した吉本興業と山口組の関係からさらに深い闇❣プーチンが答える政敵ナワリヌイ暗殺の犯人❓サルコジ有罪判決から見えるヒラリーらによるカダフィ暗殺への怨念❣さらにおぞましいC.W.ニコルとバチカ,[2471],"[2448, 2471]",success,
2026-08-16T14:15:32,1563,nf04410b5abfc,「もしトラ」が実は「今トラ」だった世界の実態❣元FOX司会者のプーチンインタビューで次々と欧米の真相暴露❣プーチン、アメリカ官僚らの根本的な過ちを指摘❣米民主党、元FOX司会者をスパイ行為で起訴を要求,[2471],"[2448, 2471]",success,
2026-08-16T14:15:33,1567,na0f8c79fe89f,😱FOXニュース「エプスタインがビル・ゲイツに放った最後の『くたばっちまえ』の真相」❣😱ビルゲイツの支援で人身売買をやり始めたフローレンス駒崎（こども家庭庁）やペドフィリア＝LGBTQ+（児童性虐待）,[2471],"[2448, 2471]",success,
2026-08-16T14:15:34,1569,nb50b16900a69,予定通りの人工地震❣阪神、能登に人工地震を起こした理由❣なぜスッチーだった鳥取三津子が日航社長に❓阪神や東日本に大震災を起こした実行犯や首謀者は❓ビルゲイツが仕掛けたWindows11の罠：ワンドライ,[2471],"[2448, 2471]",success,
2026-08-16T14:15:36,1581,n0e22a381f44f,国家とはカネ巻き上げの最小単位❣自民党のパーティー券よりヒドイ公明党のお布施❣邪悪な赤十字❣「どうする家康」で小栗旬の嫌らしさを告発した高岡蒼佑さん❣マスコミがトヨタを叩く理由❣毒ワクチンの実態がニュ,[2471],"[2448, 2471]",success,
2026-08-16T14:15:37,1583,n91e845d65060,宗教とは殺人を躊躇なく行わせる洗脳❣バチカンが関東大震災❓作られた偶像、大谷翔平❣温暖化詐欺に新たな環境のジャンヌ・ダルク登場❣アニメを仕切る在日ジブリ❣病院とは合法的に殺人を行う機関❣「何をどうやっ,[2471],"[2448, 2471]",success,
2026-08-16T14:15:38,1587,nc276b8c14e81,狂ったマスコミSNS一体化した岸田批判❣😱西田昌司はトンチンカン❣馬淵睦夫氏も実は工作員❣バイデン氏のウクライナ・イスラエル支援策は失敗❣百田尚樹らは天皇側工作員❣常滑、半田ら生贄、鞍馬寺の奥の院、魔,[2471],"[2448, 2471]",success,
2026-08-16T14:15:40,1589,n7bd11342b8fe,今朝のNHKニュースを診て❣池田大作、CIAを操ってたキッシンジャー死亡による余波❓新しいNWOのDS（AI）の予定通り❓北朝鮮からやってきた渋沢栄一がやったこと❣ワクチンによるガンの増加を専門家はど,[2471],"[2448, 2471]",success,
2026-08-16T14:15:41,1595,nd26dc2a8472e,岸田首相らによる創価潰しが始まった❣今は病院がない方が長生き❣スパイク蛋白やシェディングのデマ❣WHOがIHRやパンデミック条約を制定してもワクチン強制は出来きず❣大阪市が支援するドリーム燃料と参政党,[2471],"[2448, 2471]",success,
2026-08-16T14:15:42,1597,nc2355f29f5ff,10年前の池田大作の死亡をなぜ今❓岸田首相が切ろうとしている創価学会を逆に立民は創価学会の反日キリシタン同和勢力と絆❣【必見】「超過死亡とワクチン」の解説❣「ワクチンは効かない」前橋レポート❣朝潮、K,[2471],"[2448, 2471]",success,
2026-08-16T14:15:43,1611,ncaed61ea0401,#VIVANT 別班の現在の実体❣　コロナワクチンの真相も❣　シャーロックホームズがゲイだったなんて❣　父親が妻、娘を殺害し自殺図り死亡した富士宮市の富士脳研病院事件の背景に迫る❣　イーロンマスクに気,[2471],"[2448, 2471]",success,
2026-08-16T14:15:44,1619,n20a108f1c6b1,マウイ島の火事の真相：指向性エネルギー兵器による東京大空襲と同じ精密攻撃❓8月14日「日本のいちばん長い日（宮城事件）」の真相がわかれば日本政府が北朝鮮政府とわかる❣「原爆は飛行機では運べない」アイン,[2471],"[2448, 2471]",success,
2026-08-16T14:15:47,55325,n8a33d850cd3c,【熊本地震特集】🍁2026年熊本地震の真相と因縁の歴史「あんたがたどこさ」‼🍁クマモンに仕掛けられた金利値上げの罠❓🍀🍁2016年熊本地震と翌日のパナマ文書「口止め料」3000億円🍁🌺「日本」という名,[2471],"[2448, 2471]",success,
2026-08-16T14:15:48,57150,nf66f2dc0c727,【原爆のウソ特集】🍁ニセ者の大衆扇動者に注意‼🍁「フィクサー」からわかる権力者の戦い：根はホロコースト‼🍁人工地震でクマモンがやられる理由：淡路島の最古の石屋神社からもわかる十二支部落の戦い‼🍁水俣チ,[2471],"[2448, 2471]",success,
